artist,song,title,uploader,duration_sec,url,downloaded_at
G-Dragon,HOME SWEET HOME,G-DRAGON - HOME SWEET HOME (Official Audio) (feat. TAEYANG & DAESUNG),OfficialGDRAGON,211,https://www.youtube.com/watch?v=fLi0EJfi_vg,2025-09-04T12:50:47.057520
aespa,Whiplash,aespa ì—ìŠ¤íŒŒ 'Whiplash' MV,SMTOWN,191,https://www.youtube.com/watch?v=jWQx2f-CErU,2025-09-04T12:51:04.877420
ROSÃ‰,toxic till the end,ROSEÌ - toxic till the end (OFFICIAL MUSIC VIDEO),ROSÃ‰,234,https://www.youtube.com/watch?v=eA0lHNZ1KCA,2025-09-04T12:51:19.444881
Taeyeon,Letter To Myself,TAEYEON (íƒœì—°) 'Letter To Myself' Official Audio,JXS_BP Official,184,https://www.youtube.com/watch?v=MEwbIPJjs98,2025-09-04T12:51:31.665265
NCT DREAM,When I'm With You,NCT DREAM (ì—”ì”¨í‹° ë“œë¦¼) 'When I'm With You' Official Audio,JXS_BP Official,211,https://www.youtube.com/watch?v=LwbDDjBhCvU,2025-09-04T12:51:45.703896
SEVENTEEN,World,SEVENTEEN (ì„¸ë¸í‹´) _World ã€ŒAudioã€,K MUSIC,180,https://www.youtube.com/watch?v=8hlAnGh96Yc,2025-09-04T12:52:25.175422
IVE,Love Dive,LOVE DIVE,IVE,177,https://www.youtube.com/watch?v=l-jZOXa7gQY,2025-09-04T13:03:20.075495
G-Dragon,HOME SWEET HOME,G-DRAGON - HOME SWEET HOME (Official Audio) (feat. TAEYANG & DAESUNG),OfficialGDRAGON,211,https://www.youtube.com/watch?v=fLi0EJfi_vg,2025-09-04T13:04:11.249929
aespa,Whiplash,aespa ì—ìŠ¤íŒŒ 'Whiplash' MV,SMTOWN,191,https://www.youtube.com/watch?v=jWQx2f-CErU,2025-09-04T13:04:24.858763
ROSÃ‰,toxic till the end,ROSEÌ - toxic till the end (OFFICIAL MUSIC VIDEO),ROSÃ‰,234,https://www.youtube.com/watch?v=eA0lHNZ1KCA,2025-09-04T13:04:35.966800
Taeyeon,Letter To Myself,TAEYEON (íƒœì—°) 'Letter To Myself' Official Audio,JXS_BP Official,184,https://www.youtube.com/watch?v=MEwbIPJjs98,2025-09-04T13:04:50.214824
NCT DREAM,When I'm With You,NCT DREAM (ì—”ì”¨í‹° ë“œë¦¼) 'When I'm With You' Official Audio,JXS_BP Official,211,https://www.youtube.com/watch?v=LwbDDjBhCvU,2025-09-04T13:05:01.302208
G-Dragon,POWER,G-Dragon (ì§€ë“œë˜ê³¤) 'POWER' (Color Coded Lyrics),Jaeguchi,142,https://www.youtube.com/watch?v=7vMZgUFhnc8,2025-09-04T13:24:53.070642
ROSÃ‰,APT (with Bruno Mars),ROSÃ‰ & Bruno Mars - APT. (Official Lyric Video),Bruno Mars,170,https://www.youtube.com/watch?v=8Ebqe2Dbzls,2025-09-04T13:25:34.696751
THE BOYZ,TRIGGER,THE BOYZ (ë”ë³´ì´ì¦ˆ) 'TRIGGER (å°ç«ç·š)' Official Audio,JXS_BP Official,194,https://www.youtube.com/watch?v=_u3dGvgihug,2025-09-04T13:25:45.688747
ILLIT,Cherish (My Love),ILLIT (ì•„ì¼ë¦¿) â€˜Cherish (My Love)â€™ Official MV,HYBE LABELS,215,https://www.youtube.com/watch?v=tbDGl7jEazA,2025-09-04T13:25:56.501866
SEVENTEEN,"LOVE, MONEY, FAME","SEVENTEEN (ì„¸ë¸í‹´) 'LOVE, MONEY, FAME (feat. DJ Khaled)' Official Audio",JXS_BP Official,186,https://www.youtube.com/watch?v=1qjSfoMd1qA,2025-09-04T13:26:10.804261
aespa,Up (KARINA),UP (KARINA Solo),aespa,167,https://www.youtube.com/watch?v=U1_0Vc-9mNw,2025-09-09T10:50:11.347428
QWER,My Name Is Malgeum,QWER My Name is Malguem Lyrics (Color Coded Lyrics),Chaereve,188,https://www.youtube.com/watch?v=6X6ryiIzn6o,2025-09-09T10:51:28.271591
AB6IX,NVKED,NVKED,AB6IX,161,https://www.youtube.com/watch?v=NxB66OOm6Ek,2025-09-09T10:51:40.915334
fromis_9,Supersonic,fromis_9 (í”„ë¡œë¯¸ìŠ¤ë‚˜ì¸) 'Supersonic' Official Audio,JXS_BP Official,174,https://www.youtube.com/watch?v=nF5A1FOuHkQ,2025-09-09T10:51:53.540956
YENA,NEMONEMO,YENA (ìµœì˜ˆë‚˜) 'NEMONEMO' Official Audio,JXS_BP Official,178,https://www.youtube.com/watch?v=UVgTo2PDCuE,2025-09-09T10:52:07.168612
KEY,Pleasure Shop,KEY (í‚¤) 'Pleasure Shop' Official Audio,JXS_BP Official,182,https://www.youtube.com/watch?v=izCwNZW46yk,2025-09-09T10:52:20.599990
Kang Daniel,Electric Shock,Electric Shock,KANGDANIEL OFFICIAL,170,https://www.youtube.com/watch?v=7S333_Osaao,2025-09-09T10:52:33.211850
DAY6,Melt Down,DAY6 (ë°ì´ì‹ìŠ¤) 'ë…¹ì•„ë‚´ë ¤ìš” Melt Down' Official Audio,JXS_BP Official,166,https://www.youtube.com/watch?v=6XsX9YSPMkA,2025-09-09T10:52:45.253568
NMIXX,See that?,NMIXX(ì—”ë¯¹ìŠ¤) â€œë³„ë³„ë³„ (See that?)â€ (Official Audio),NMIXX,183,https://www.youtube.com/watch?v=jx45HuT5FiY,2025-09-09T10:52:58.242612
BOYNEXTDOOR,Nice Guy,BOYNEXTDOOR (ë³´ì´ë„¥ìŠ¤íŠ¸ë„ì–´) 'Nice Guy' Official Audio,JXS_BP Official,165,https://www.youtube.com/watch?v=MXOJLirA32s,2025-09-09T10:53:09.638408
LE SSERAFIM,CRAZY,LE SSERAFIM (ë¥´ì„¸ë¼í•Œ) â€˜CRAZYâ€™ [MUSIC AUDIO],sursurTV,165,https://www.youtube.com/watch?v=Sw120IXPv2Y,2025-09-09T10:53:20.666793
ONEW,beat drum,ONEW (ì˜¨ìœ ) 'ë§¤ë ¥ (beat drum)' Official Audio,JXS_BP Official,141,https://www.youtube.com/watch?v=00v10xLG3iY,2025-09-09T10:53:33.189999
JAEHYUN,Smoke,JAEHYUN (ì¬í˜„) 'Smoke' Official Audio,JXS_BP Official,170,https://www.youtube.com/watch?v=c5JmDmTBFlY,2025-09-09T10:53:45.806988
ZEROBASEONE,GOOD SO BAD,ğ‘¶ğ’‡ğ’‡ğ’Šğ’„ğ’Šğ’‚ğ’ ğ‘¨ğ’–ğ’…ğ’Šğ’ Track 01. | ZEROBASEONE (ì œë¡œë² ì´ìŠ¤ì›) 'GOOD SO BAD',ZEROBASEONE,186,https://www.youtube.com/watch?v=pdvp3tBsSyA,2025-09-09T10:53:57.720109
i-dle,Klaxon,(G)I-DLE - 'í´ë½ì…˜ (Klaxon)' Official Audio,i-dle - Topic,175,https://www.youtube.com/watch?v=LhSdYi3GWoM,2025-09-09T10:54:09.189619
PLAVE,Pump Up The Volume!,PLAVE(í”Œë ˆì´ë¸Œ) 'Pump Up The Volume!' M/V,PLAVE í”Œë ˆì´ë¸Œ,200,https://www.youtube.com/watch?v=EYG4ROejmyI,2025-09-09T10:54:21.336784
TAEMIN,Sexy In The Air,TAEMIN (íƒœë¯¼) 'Sexy In The Air' Official Audio,JXS_BP Official,195,https://www.youtube.com/watch?v=YkRqkMnECOw,2025-09-09T10:54:33.051084
KISS OF LIFE,Sticky,Sticky (Sticky),KISS OF LIFE - Topic,157,https://www.youtube.com/watch?v=lhX-y4NbgS4,2025-09-09T10:54:44.687139
NCT 127,Walk,NCT 127 (ì—”ì‹œí‹° 127) - Walk [AUDIO],Aung Hein,192,https://www.youtube.com/watch?v=J9ynnbqajcA,2025-09-09T10:54:55.439335
STRAY KIDS,Chk Chk Boom,Stray Kids (ìŠ¤íŠ¸ë ˆì´í‚¤ì¦ˆ) 'Chk Chk Boom' Official Audio,JXS_BP Official,148,https://www.youtube.com/watch?v=vhZb_t4PgPE,2025-09-09T10:55:06.820202
Lee Young-Ji,Small girl (ft. D.O.),Small girl (feat. D.O.) (Small girl),ì´ì˜ì§€,190,https://www.youtube.com/watch?v=wsk95Mq0Cys,2025-09-09T10:55:18.455805
ENHYPEN,XO (Only If You Say Yes),XO (Only If You Say Yes) (English Ver.),ENHYPEN,188,https://www.youtube.com/watch?v=15YerC511tY,2025-09-09T10:55:31.315227
aespa,Armageddon,Armageddon - aespa (Audio),Music Audio,198,https://www.youtube.com/watch?v=iySQUxqXA1k,2025-09-09T10:55:45.102011
RIIZE,Boom Boom Bass,RIIZE (ë¼ì´ì¦ˆ) 'Boom Boom Bass' Official Audio,JXS_BP Official,153,https://www.youtube.com/watch?v=W8NoO9CQnhY,2025-09-09T10:55:56.689709
Red Velvet,Cosmic,Red Velvet â€“ Cosmic [Audio],Goojin,226,https://www.youtube.com/watch?v=j8GBT-UFgrc,2025-09-09T10:56:09.505561
TWS,"If I'm S, Can You Be My N?",TWS (íˆ¬ì–´ìŠ¤) 'ë‚´ê°€ Së©´ ë„Œ ë‚˜ì˜ Nì´ ë˜ì–´ì¤˜' Official MV,HYBE LABELS,204,https://www.youtube.com/watch?v=NRgZuuwD2WY,2025-09-09T10:56:22.010015
NewJeans,How Sweet,How Sweet - NewJeans (Audio),Music Audio,219,https://www.youtube.com/watch?v=iR2Uq2LINyU,2025-09-09T10:56:35.288565
IVE,HEYA,01. IVE - í•´ì•¼ (HEYA),IVE,190,https://www.youtube.com/watch?v=tsoOtq6utk4,2025-09-09T10:56:48.196718
aespa,Supernova,Supernova - aespa (Audio),Music Audio,179,https://www.youtube.com/watch?v=vQkdt5txAcM,2025-09-09T10:57:00.986483
Zico,SPOT! (feat. JENNIE),ZICO (ì§€ì½”) 'SPOT! (feat. JENNIE)' Official Audio,JXS_BP Official,168,https://www.youtube.com/watch?v=aQEpCqSDavc,2025-09-09T10:57:13.318088
Lim Young-woong,Warmth,Lim Young Woong â€“ Warmth (ì˜¨ê¸°) [Rom|Eng Lyric],ElyDha Subs,236,https://www.youtube.com/watch?v=oLm7enImZVU,2025-09-09T10:57:26.168058
SEVENTEEN,MAESTRO,SEVENTEEN (ì„¸ë¸í‹´) 'MAESTRO' Official Audio,JXS_BP Official,199,https://www.youtube.com/watch?v=0HTI0cTiNWk,2025-09-09T10:57:40.081893
Lee Chan-won,A Travel to the Sky,"Lee Chan Won, a travel to the sky (ì´ì°¬ì›, í•˜ëŠ˜ ì—¬í–‰) [THE SHOW 240423]",THE K-POP,248,https://www.youtube.com/watch?v=TCgdCmZUGog,2025-09-09T10:57:53.435948
Doyoung,Little Light,DOYOUNG (ë„ì˜) 'ë°˜ë”§ë¶ˆ Little Light' Official Audio,JXS_BP Official,225,https://www.youtube.com/watch?v=hzjWX7u1hXE,2025-09-09T10:58:07.435454
QWER,T.B.H,QWER (ìµœì• ì˜ ì•„ì´ë“¤) - T.B.H (ê³ ë¯¼ì¤‘ë…) [Audio],SwordsLazer Music,176,https://www.youtube.com/watch?v=66vEKlZncKI,2025-09-09T10:58:20.444645
ILLIT,Magnetic,ILLIT (ì•„ì¼ë¦¿) 'Magnetic' Official Audio,JXS_BP Official,161,https://www.youtube.com/watch?v=YVMUjAE-0SM,2025-09-09T10:58:32.729574
BOYNEXTDOOR,"Earth, Wind & Fire","BOYNEXTDOOR (ë³´ì´ë„¥ìŠ¤íŠ¸ë„ì–´) 'Earth, Wind & Fire' Official Audio",JXS_BP Official,179,https://www.youtube.com/watch?v=9sigNKPmrPA,2025-09-09T10:58:44.713239
BABYMONSTER,Sheesh,BABYMONSTER - â€˜SHEESHâ€™ (Official Audio),BABYMONSTER,170,https://www.youtube.com/watch?v=lEThmt0saQg,2025-09-09T10:58:56.908357
ONF,Bye My Monster,ONF (ì˜¨ì•¤ì˜¤í”„) 'Bye My Monster' Official Audio,JXS_BP Official,207,https://www.youtube.com/watch?v=NC2gxzRWaNA,2025-09-09T10:59:08.765290
TOMORROW X TOGETHER,Deja Vu,TXT (íˆ¬ëª¨ë¡œìš°ë°”ì´íˆ¬ê²Œë”) 'Deja Vu' Official Audio,JXS_BP Official,172,https://www.youtube.com/watch?v=GzAR3fCkFMY,2025-09-09T10:59:20.872177
BIBI,Bam Yang Gang,BIBI (ë¹„ë¹„) 'Bam Yang Gang (ë°¤ì–‘ê°±)' Official Audio,JXS_BP Official,146,https://www.youtube.com/watch?v=usnFQzpbFYg,2025-09-09T10:59:34.124619
NCT DREAM,Smoothie,NCT DREAM (ì—”ì”¨í‹° ë“œë¦¼) 'Smoothie' Official Audio,JXS_BP Official,188,https://www.youtube.com/watch?v=Ltrm8m_n7dc,2025-09-09T10:59:46.843007
THE BOYZ,Nectar,THE BOYZ (ë”ë³´ì´ì¦ˆ) 'Nectar' Official Audio,JXS_BP Official,184,https://www.youtube.com/watch?v=djVGkzxxDrI,2025-09-09T10:59:59.498395
LE SSERAFIM,EASY,LE SSERAFIM - 'EASY' (Audio),Park Jeongsang,165,https://www.youtube.com/watch?v=eAdqhLFmHa8,2025-09-09T11:00:12.368441
TWS,plot twist,[ğ—”ğ—¨ğ——ğ—œğ—¢] TWS (íˆ¬ì–´ìŠ¤) - plot twist,KPOP AUDIO,152,https://www.youtube.com/watch?v=21lnzJmxxTc,2025-09-09T11:00:24.084626
PLAVE,WAY 4 LUV,PLAVE (í”Œë ˆì´ë¸Œ) 'WAY 4 LUV' Official Audio,JXS_BP Official,220,https://www.youtube.com/watch?v=3KM5XiRWFgQ,2025-09-09T11:00:36.161580
IU,Love wins all,IU (ì•„ì´ìœ ) 'Love wins all' Official Audio,JXS_BP Official,271,https://www.youtube.com/watch?v=M2MXbUwq5Fs,2025-09-09T11:00:48.266959
RIIZE,Love 119,RIIZE (ë¼ì´ì¦ˆ) 'Love 119' Official Audio,JXS_BP Official,174,https://www.youtube.com/watch?v=K2CQA85c9Tg,2025-09-09T11:01:01.310382
i-dle,Super Lady,(G)I-DLE - 'Super Lady' Official Audio,i-dle - Topic,152,https://www.youtube.com/watch?v=hr-BvIJyGTE,2025-09-09T11:01:13.674531
Lim Jae-hyun,Rhapsody Of Sadness,Rhapsody of Sadness,ì„ì¬í˜„ Official,235,https://www.youtube.com/watch?v=TyCYGCCD6iQ,2025-09-09T11:01:25.596973
Taeyeon,To. X,TAEYEON (íƒœì—°) 'To. X' Official Audio,JXS_BP Official,171,https://www.youtube.com/watch?v=IMOzHknkS3g,2025-09-09T11:01:36.602025
NMIXX,DASH,NMIXX â€œDASHâ€ (Official Audio),NMIXX,167,https://www.youtube.com/watch?v=0BK9e3ZcY1g,2025-09-09T11:01:47.591654
NCT DREAM,BTTF,NCT DREAM 'BTTF' Lyrics (ì—”ì‹œí‹° ë“œë¦¼ BTTF ê°€ì‚¬) [Color Coded Han_Rom_Eng] | ShadowByYoongi,ShadowByYoongi,181,https://www.youtube.com/watch?v=cPXmPtNYRy8,2025-09-09T11:01:59.415777
BLACKPINK,JUMP,BLACKPINK - â€˜ë›°ì–´(JUMP)â€™ (Official Audio),BLACKPINK,165,https://www.youtube.com/watch?v=RUKqwwyAiEU,2025-09-09T11:02:10.139359
ALLDAY Project,FAMOUS,Allday Project 'Famous' (Color Coded Lyrics),Jaeguchi,177,https://www.youtube.com/watch?v=pShwcQAk7Js,2025-09-09T11:02:21.991197
aespa,Dirty Work,Dirty Work,aespa,180,https://www.youtube.com/watch?v=NTe_IBaODaY,2025-09-09T11:02:34.752095
fromis_9,LIKE YOU BETTER,fromis_9 í”„ë¡œë¯¸ìŠ¤ë‚˜ì¸ 'LIKE YOU BETTER' Official Audio,korzou,185,https://www.youtube.com/watch?v=UqffWnCZsuw,2025-09-09T11:02:47.920118
Kang Daniel,Episode,Episode,KANGDANIEL OFFICIAL,162,https://www.youtube.com/watch?v=YeREybphgC0,2025-09-09T11:02:59.935575
IU,Never Ending Story,IU 'Never Ending Story' Lyrics (ì•„ì´ìœ  Never Ending Story ê°€ì‚¬) [Color Coded Han_Rom_Eng],ShadowByYoongi,224,https://www.youtube.com/watch?v=2icSeGXXnzw,2025-09-09T11:03:10.608507
ILLIT,Do the Dance,ILLIT ì•„ì¼ë¦¿ 'Do the Dance (ë¹Œë ¤ì˜¨ ê³ ì–‘ì´)' Official Audio,korzou,189,https://www.youtube.com/watch?v=mXUeulskMuY,2025-09-09T11:03:23.312422
Doyoung,Memory,"DOYOUNG ë„ì˜ 'ì•ˆë…•, ìš°ì£¼ (Memory)' MV",SMTOWN,225,https://www.youtube.com/watch?v=bpJS9ZnTkRw,2025-09-09T11:03:35.127918
SEVENTEEN,THUNDER,SEVENTEEN (ì„¸ë¸í‹´)  'Thunder' (Color Coded Lyrics),Jaeguchi,163,https://www.youtube.com/watch?v=d16W-BCML-s,2025-09-09T11:03:47.465685
ENHYPEN,Bad Desire (With or Without You),Bad Desire (With or Without You) (English Ver.),ENHYPEN,142,https://www.youtube.com/watch?v=_EKBMKJXBp4,2025-09-09T11:04:00.022149
RIIZE,Fly Up,RIIZE: Fly Up (Audio),Cadince MasterDrop 9837,179,https://www.youtube.com/watch?v=ikWKw7H9lWg,2025-09-09T11:04:11.963504
i-dle,Good Thing,i-dle - 'Good Thing' Official Audio,i-dle - Topic,154,https://www.youtube.com/watch?v=Dk4X2PDTTZE,2025-09-09T11:04:24.060283
MEOVV,HANDS UP,MEOVV(ë¯¸ì•¼ì˜¤) - â€˜HANDS UPâ€™ (Official Audio),MEOVV,193,https://www.youtube.com/watch?v=lRETqod3SxY,2025-09-09T11:04:36.051947
BOYNEXTDOOR,I Feel Good,BOYNEXTDOOR (ë³´ì´ë„¥ìŠ¤íŠ¸ë„ì–´) 'I Feel Good' Official MV,HYBE LABELS,193,https://www.youtube.com/watch?v=ic31SJ4uK4Y,2025-09-09T11:04:48.296543
Woody,Sadder Than Yesterday,[MV] Woody(ìš°ë””) _ Sadder Than Yesterday(ì–´ì œë³´ë‹¤ ìŠ¬í”ˆ ì˜¤ëŠ˜),1theK (ì›ë”ì¼€ì´),236,https://www.youtube.com/watch?v=1mZ-hoIvEx8,2025-09-09T11:05:00.657239
DAY6,Maybe Tomorrow,"DAY6(ë°ì´ì‹ìŠ¤) ""Maybe Tomorrow"" Lyric Video",DAY6,229,https://www.youtube.com/watch?v=LbQCFWB_8S0,2025-09-09T11:05:11.565943
G-Dragon,GOOD DAY 2025,G-Dragon - Good Day 2025 (Telepathy + By the Moonlight Window) [RomIEng Lyric],ElyDha Subs,243,https://www.youtube.com/watch?v=ja47t8i2EXs,2025-09-09T11:05:24.264953
LE SSERAFIM,HOT,HOT,LE SSERAFIM,144,https://www.youtube.com/watch?v=acg8RO1O7ZI,2025-09-09T11:05:35.337174
OVAN,Flower,ì˜¤ë°˜ (OVAN) - Flower / Kpop / Lyrics / ê°€ì‚¬,NN Music,170,https://www.youtube.com/watch?v=mCXvMohcfP8,2025-09-09T11:05:47.443772
TWS,Countdown!,TWS 'Countdown!' Lyrics (íˆ¬ì–´ìŠ¤ ë§ˆìŒ ë”°ë¼ ë›°ëŠ” ê±´ ë©‹ì§€ì§€ ì•Šì•„ ê°€ì‚¬) [Color Coded Han_Rom_Eng] | ShadowByYoongi,ShadowByYoongi,156,https://www.youtube.com/watch?v=JU0BnIhiI8U,2025-09-09T11:05:58.795509
JENNIE,like JENNIE,JENNIE - like JENNIE (Official Lyric Video),JENNIE,124,https://www.youtube.com/watch?v=aS7al94FVbk,2025-09-09T11:06:11.099813
NCT WISH,poppop,NCT WISH ì—”ì‹œí‹° ìœ„ì‹œ 'poppop' Official Audio,JXS_BP Official,182,https://www.youtube.com/watch?v=yaxgwLyN8AM,2025-09-09T11:06:21.390061
MARK,1999,MARK (NCT) '1999' Lyrics (ë§ˆí¬ 1999 ê°€ì‚¬) [Color Coded Han_Rom_Eng] | ShadowByYoongi,ShadowByYoongi,209,https://www.youtube.com/watch?v=503a7UJjzus,2025-09-09T11:06:34.176219
KiiiKiii,I DO ME,I DO ME,KiiiKiii,191,https://www.youtube.com/watch?v=cFMbgui1ZlY,2025-09-09T11:06:46.521397
G-Dragon,TOO BAD (feat. Anderson Paak),G-DRAGON - TOO BAD (feat. Anderson .Paak) (Official Video),OfficialGDRAGON,159,https://www.youtube.com/watch?v=o9DhvbqYzns,2025-09-09T11:06:58.622902
THE BOYZ,VVV,[Audio] THE BOYZ ë”ë³´ì´ì¦ˆ - VVV,[K-audios] OSH & KTH,236,https://www.youtube.com/watch?v=wilqZGK3cWU,2025-09-09T11:07:10.708084
Infinite,Dangerous,INFINITE ì¸í”¼ë‹ˆíŠ¸ 'Dangerous' Official Audio,JXS_BP Official,180,https://www.youtube.com/watch?v=ENCYqa6SR5k,2025-09-09T11:07:21.571930
IVE,ATTITUDE,05. ATTITUDE,IVE,195,https://www.youtube.com/watch?v=RVhY4yOYZ_4,2025-09-09T11:07:35.112498
ZEROBASEONE,BLUE,ğ‘¶ğ’‡ğ’‡ğ’Šğ’„ğ’Šğ’‚ğ’ ğ‘¨ğ’–ğ’…ğ’Šğ’ Track 01. | ZEROBASEONE (ì œë¡œë² ì´ìŠ¤ì›) 'BLUE',ZEROBASEONE,183,https://www.youtube.com/watch?v=HxVWFkNuh8U,2025-09-09T11:07:46.658032
ONF,The Stranger,ONF The Stranger (ì˜¨ì•¤ì˜¤í”„ The Stranger ê°€ì‚¬) (Color Coded Lyrics),Jaerasou,184,https://www.youtube.com/watch?v=xq-Nn54AVUA,2025-09-09T11:07:59.476593
BOYNEXTDOOR,"If I Say, I LOVE YOU","BOYNEXTDOOR: IF I SAY, I LOVE YOU (Audio)",Cadince MasterDrop 9837,163,https://www.youtube.com/watch?v=lGtKFmTbmH0,2025-09-09T11:08:11.563704
IVE,REBEL HEART,01. REBEL HEART,IVE,188,https://www.youtube.com/watch?v=sJWzsH9Y4KY,2025-09-09T11:08:24.276729
PLAVE,Dash,PLAVE 'Dash' M/V (Performance Ver.),PLAVE í”Œë ˆì´ë¸Œ,187,https://www.youtube.com/watch?v=GoS7xYkWiwc,2025-09-09T11:08:35.749617
MINNIE,HER,HER (HER),MINNIE - Topic,160,https://www.youtube.com/watch?v=-DKQ4NBbyo4,2025-09-09T11:08:47.619771
BSS,CBZ (Prime time),BSS (SEVENTEEN) 'CBZ (Prime Time)' Lyrics (ë¶€ì„ìˆœ ì²­ë°”ì§€ ê°€ì‚¬) [Color Coded Han_Rom_Eng] | ShadowByYoongi,ShadowByYoongi,158,https://www.youtube.com/watch?v=9BUSCoKZTWQ,2025-09-09T11:08:58.817096
JAESSBEE,Every Moment With You,Every Moment With You (ë„ˆì™€ì˜ ëª¨ë“  ì§€ê¸ˆ),JAESSBEE - Topic,172,https://www.youtube.com/watch?v=YLxEK0ZKx9A,2025-09-09T11:09:09.998239
LE SSERAFIM,Perfect Night,Perfect Night,Junnieâ˜†Ğ·,159,https://www.youtube.com/watch?v=OkYj93iDQyI,2025-09-09T11:09:20.800013
aespa,Drama,aespa (ì—ìŠ¤íŒŒ) 'Drama' Official Audio,JXS_BP Official,215,https://www.youtube.com/watch?v=rmUxs2DM3zA,2025-09-09T11:09:33.496707
ATEEZ,Crazy Form,ATEEZ (ì—ì´í‹°ì¦ˆ) 'Crazy Form' Official Audio,JXS_BP Official,199,https://www.youtube.com/watch?v=B1zeCDjgUd8,2025-09-09T11:09:44.689812
THE BOYZ,Watch It,THE BOYZ (ë”ë³´ì´ì¦ˆ) 'WATCH IT' Official Audio,JXS_BP Official,200,https://www.youtube.com/watch?v=MsEdauxAcPY,2025-09-09T11:09:55.329505
Red Velvet,Chill Kill,Red Velvet (ë ˆë“œë²¨ë²³) - Chill Kill ã€ŒOfficial Audioã€,í•´ì§ˆë…˜,216,https://www.youtube.com/watch?v=HXfsYIqwpqY,2025-09-09T11:10:06.978759
IVE,Baddie,02. IVE - Baddie,IVE,154,https://www.youtube.com/watch?v=MXIKzekRAj8,2025-09-09T11:10:19.832909
STRAY KIDS,LA LA LA LA,Stray Kids (ìŠ¤íŠ¸ë ˆì´ í‚¤ì¦ˆ) - LALALALA (ë½) ã€ŒOfficial Audioã€,í•´ì§ˆë…˜,185,https://www.youtube.com/watch?v=1YjgUj_o0Ow,2025-09-09T11:10:31.488732
Jung Kook,Standing Next To You,Jung Kook (ì •êµ­) 'Standing Next to You' Official Audio,JXS_BP Official,206,https://www.youtube.com/watch?v=o5JA7O2_qDU,2025-09-09T11:10:43.939076
TAEMIN,Guilty,TAEMIN íƒœë¯¼ 'Guilty' MV,SMTOWN,219,https://www.youtube.com/watch?v=pasRphQvEUE,2025-09-09T11:10:56.273551
SEVENTEEN,God of Music,SEVENTEEN - God Of Music (Audio),Moonlight,205,https://www.youtube.com/watch?v=45Rw7GgWe-s,2025-09-09T11:11:07.855931
JENNIE,You & Me,JENNIE - You & Me (Official Audio),BLACKPINK,179,https://www.youtube.com/watch?v=CpbJO2Z6DA4,2025-09-09T11:11:19.324262
Lim Young-woong,Do or Die,Lim Young Woong - Do or Die [Rom|Eng Lyric],ElyDha Subs,206,https://www.youtube.com/watch?v=spmW0V6cIrE,2025-09-09T11:11:31.938001
AKMU,Love Lee,AKMU (ì•…ë®¤) 'Love Lee' Official Audio,JXS_BP Official,180,https://www.youtube.com/watch?v=VSPHxc7Eerw,2025-09-09T11:11:43.047711
NCT 127,Fact Check,NCT 127 (ì—”ì‹œí‹° 127) 'Fact Check' Official Audio,JXS_BP Official,185,https://www.youtube.com/watch?v=qw7ViL0x1jc,2025-09-09T11:11:54.742879
Jung Kook,3D,3D - Alternate Ver.,Jung Kook - Topic,163,https://www.youtube.com/watch?v=lXqNiVJJ2s8,2025-09-09T11:12:06.426099
KEY,Good & Great,KEY (í‚¤) 'Good & Great' Official Audio,JXS_BP Official,200,https://www.youtube.com/watch?v=JnrYgyHHQlM,2025-09-09T11:12:17.749146
SOMI,Fast Forward,JEON SOMI (ì „ì†Œë¯¸) - Fast Forward ã€ŒAudioã€,í•´ì§ˆë…˜,161,https://www.youtube.com/watch?v=JXTiRUb_n1I,2025-09-09T11:12:29.555571
NewJeans,ETA,NewJeans (ë‰´ì§„ìŠ¤) - ETA (Audio),Rubik Music,151,https://www.youtube.com/watch?v=2u_kncwzJ5Y,2025-09-09T11:12:40.304390
Jung Kook,Seven (feat. Latto),Seven (feat. Latto) - Clean Ver.,Jung Kook - Topic,184,https://www.youtube.com/watch?v=Vs64cZbeY88,2025-09-09T11:12:52.367273
NewJeans,Super Shy,NewJeans (ë‰´ì§„ìŠ¤) 'Super Shy' Official Audio,JXS_BP Official,155,https://www.youtube.com/watch?v=cQY5brXxEig,2025-09-09T11:13:03.472322
STAYC,Bubble,STAYC (ìŠ¤í…Œì´ì”¨) 'Bubble' Official Audio,JXS_BP Official,179,https://www.youtube.com/watch?v=3AP_zA-iU0w,2025-09-09T11:13:16.697012
Oh My Girl,Summer Comes,OH MY GIRL - Summer Comes [Audio],Goojin,201,https://www.youtube.com/watch?v=3UL386IMjig,2025-09-09T11:13:28.189922
NCT DREAM,ISTJ,NCT DREAM 'ISTJ' (Official Audio),NCT DREAM,186,https://www.youtube.com/watch?v=YvB-uHEXXEs,2025-09-09T11:13:39.521450
EXO,Cream Soda,EXO- Cream Soda [Audio],Goojin,185,https://www.youtube.com/watch?v=jWqLzrT2UPo,2025-09-09T11:13:52.663144
Lim Young-woong,Grains of Sand,ì„ì˜ì›… 'ëª¨ë˜ ì•Œê°±ì´' Official M/V,ì„ì˜ì›…,232,https://www.youtube.com/watch?v=xuexbvO29Gk,2025-09-09T11:14:05.152780
SHINee,HARD,SHINee - HARD [Audio],Goojin,177,https://www.youtube.com/watch?v=w3RbLIS2UUA,2025-09-09T11:14:16.931076
aespa,Spicy,aespa (ì—ìŠ¤íŒŒ) - Spicy (Audio),Rubik Music,197,https://www.youtube.com/watch?v=-Hq0JUMpL1E,2025-09-09T11:14:29.138518
i-dle,Queencard,(G)I-DLE - 'í€¸ì¹´ (Queencard)' Official Audio,i-dle - Topic,161,https://www.youtube.com/watch?v=JuJBr9v6BGA,2025-09-09T11:14:41.042459
LE SSERAFIM,UNFORGIVEN (Feat. Nile Rodgers),LE SSERAFIM (ë¥´ì„¸ë¼í•Œ) â€˜UNFORGIVEN [feat. Nile Rodgers]â€™ (MUSIC AUDIO),ART MORE,182,https://www.youtube.com/watch?v=2yImBQyQ13U,2025-09-09T11:14:51.468117
ATEEZ,Bouncy (K-Hot Chilli Peppers),ATEEZ (ì—ì´í‹°ì¦ˆ) 'BOUNCY (K-HOT CHILLI PEPPERS)' Official Audio,JXS_BP Official,188,https://www.youtube.com/watch?v=aMTKW1JKZlo,2025-09-09T11:15:03.764026
STRAY KIDS,S-Class,Stray Kids (ìŠ¤íŠ¸ë ˆì´í‚¤ì¦ˆ) 'íŠ¹ S-Class' Official Audio,JXS_BP Official,196,https://www.youtube.com/watch?v=FIlZFEsHn0Q,2025-09-09T11:15:16.714432
IVE,I Am,02. I AM,IVE,184,https://www.youtube.com/watch?v=Bdzv7JBvkis,2025-09-09T11:15:27.994172
SEVENTEEN,Super,SEVENTEEN - Super [Audio],Goojin,201,https://www.youtube.com/watch?v=GBlF6RcckQY,2025-09-09T11:15:38.832600
NCT DoJaeJung,Perfume,NCT DOJAEJUNG - Perfume [Audio],BLISIT_OFFICIAL,167,https://www.youtube.com/watch?v=ywNitJb8sL4,2025-09-09T11:15:49.578625
Jisoo,Flower,JISOO - â€˜ê½ƒ(FLOWER)â€™ Official Audio,Nightly,173,https://www.youtube.com/watch?v=fxqvf-cxMUo,2025-09-09T11:16:01.534912
IVE,Kitsch,03. Kitsch,IVE,195,https://www.youtube.com/watch?v=r572qh2__-U,2025-09-09T11:16:13.531522
Kai,Rover,KAI - Rover [Audio],BLISIT_OFFICIAL,175,https://www.youtube.com/watch?v=qqXeDCQ1kCg,2025-09-09T11:16:25.498497
ONEW,O (Circle),ONEW - O (Circle) [Audio],BLISIT_OFFICIAL,197,https://www.youtube.com/watch?v=HXUBy-NCDe8,2025-09-09T11:16:37.095119
STAYC,Teddy Bear,STAYC (ìŠ¤í…Œì´ì”¨) 'Teddy Bear' Official Audio,JXS_BP Official,190,https://www.youtube.com/watch?v=8BMv0PxOPRo,2025-09-09T11:16:48.616868
THE BOYZ,Roar,THE BOYZ (ë”ë³´ì´ì¦ˆ) 'ROAR' Official Audio,JXS_BP Official,220,https://www.youtube.com/watch?v=V1yXulIV57o,2025-09-09T11:16:59.595188
BSS,Fighting,SEVENTEEN BSS â€¢ íŒŒì´íŒ… í•´ì•¼ì§€ Fighting (Feat. Lee Young Ji) [Audio],aroha music,205,https://www.youtube.com/watch?v=_T2Fzw1I-Z8,2025-09-09T11:17:12.024514
NCT 127,Ay-Yo,NCT 127 (ì—”ì‹œí‹° 127) 'Ay-Yo' Official Audio,JXS_BP Official,222,https://www.youtube.com/watch?v=LOH_ivLz52E,2025-09-09T11:17:23.724918
NewJeans,Ditto,Ditto,K AUDIO,186,https://www.youtube.com/watch?v=5emU4TSPxc8,2025-09-09T11:17:34.536686
TOMORROW X TOGETHER,Chasing That Feeling,Chasing That Feeling (English Ver.) (Digital Only),TOMORROW X TOGETHER OFFICIAL,183,https://www.youtube.com/watch?v=NPbrzsRdYko,2025-09-09T11:17:46.108580
V,Slow Dancing,V (ë·”) 'Slow Dancing' Official Audio,JXS_BP Official,187,https://www.youtube.com/watch?v=1AP3-j1jG6g,2025-09-09T11:17:59.450147
V,Love Me Again,Love Me Again,V - Topic,182,https://www.youtube.com/watch?v=CF8RUJnljzg,2025-09-09T11:18:11.400780
NCT U,Baggy Jeans,NCT U 'Baggy Jeans' (Official Audio),NCT,211,https://www.youtube.com/watch?v=GMKdOs66F8A,2025-09-09T11:18:23.130247
ITZY,CAKE,ITZY - CAKE (Audio Clip),ITZY,199,https://www.youtube.com/watch?v=g_0p9wP4Ejg,2025-09-09T11:18:34.986676
BTS,Take Two,BTS Take Two Lyrics (ë°©íƒ„ì†Œë…„ë‹¨ Take Two ê°€ì‚¬) (Color Coded Lyrics),Jaeguchi,230,https://www.youtube.com/watch?v=3UE-vpej_VI,2025-09-09T11:18:47.168950
ENHYPEN,Bite Me,ENHYPEN - Bite Me [Audio],BLISIT_OFFICIAL,157,https://www.youtube.com/watch?v=U1e51AhXQGQ,2025-09-09T11:18:58.724449
Jimin,Like Crazy,Jimin (ì§€ë¯¼) 'Like Crazy' Official Audio,JXS_BP Official,212,https://www.youtube.com/watch?v=YuR6kRxBFAk,2025-09-09T11:19:10.427115
Jimin,Set Me Free (Pt.2),Jimin (ì§€ë¯¼) 'Set Me Free Pt.2' Official Audio,JXS_BP Official,201,https://www.youtube.com/watch?v=EJwDNsW1u3U,2025-09-09T11:19:22.286629
J-Hope,On the Street,on the street (with J. Cole),j-hope - Topic,215,https://www.youtube.com/watch?v=H0G1ta9qZfs,2025-09-09T11:19:34.484926
TOMORROW X TOGETHER,Sugar Rush Ride,TXT (íˆ¬ëª¨ë¡œìš°ë°”ì´íˆ¬ê²Œë”) 'Sugar Rush Ride' Official Audio,JXS_BP Official,187,https://www.youtube.com/watch?v=WZVFthHnrTc,2025-09-09T11:19:46.265018
NewJeans,OMG,OMG (Audio),Pop_Kpop,212,https://www.youtube.com/watch?v=mMRddwYFW8A,2025-09-09T11:19:58.492480
Taeyang,Vibe,TAEYANG (íƒœì–‘) 'VIBE (feat. Jimin of BTS)' Official Audio,JXS_BP Official,176,https://www.youtube.com/watch?v=aqDAz4xQfNY,2025-09-09T11:20:09.413464
JENNIE,Mantra,JENNIE - Mantra (Official Lyric Video),JENNIE,137,https://www.youtube.com/watch?v=L-xH8AZhh4w,2025-09-09T11:20:20.348963
YEONJUN,GGUM,YEONJUN - GGUM (Official Audio),143Music,152,https://www.youtube.com/watch?v=F1bj4jTSpKw,2025-09-09T11:20:32.367320
JAEHYUN,Roses,JAEHYUN ì¬í˜„ 'Roses' (Official Audio),NCT,168,https://www.youtube.com/watch?v=_hWtuYSHiWk,2025-09-09T11:20:44.037690
Jimin,Who,Jimin (ì§€ë¯¼) 'Who' Official Audio,JXS_BP Official,171,https://www.youtube.com/watch?v=yK7MoYrzAag,2025-09-09T11:20:55.666595
Jimin,Smeraldo Garden Marching Band (feat. LOCO),ì§€ë¯¼ (Jimin) 'Smeraldo Garden Marching Band (feat. Loco)' Official Track Video,HYBE LABELS,226,https://www.youtube.com/watch?v=LIER2z3DBe8,2025-09-09T11:21:07.397467
BABYMONSTER,FOREVER,BABYMONSTER - â€˜FOREVERâ€™ (Official Audio),BABYMONSTER,213,https://www.youtube.com/watch?v=ghwqNnIoDCU,2025-09-09T11:21:18.635554
Jung Kook,Never Let Go,ì •êµ­ (Jung Kook) 'Never Let Go' Lyric Video,BANGTANTV,167,https://www.youtube.com/watch?v=J_n4Ysi5iUM,2025-09-09T11:21:30.580594
ZEROBASEONE,Feel The POP,ğ‘¶ğ’‡ğ’‡ğ’Šğ’„ğ’Šğ’‚ğ’ ğ‘¨ğ’–ğ’…ğ’Šğ’ Track 02. | ZEROBASEONE (ì œë¡œë² ì´ìŠ¤ì›) 'Feel the POP',ZEROBASEONE,176,https://www.youtube.com/watch?v=S5L4STJVSJs,2025-09-09T11:21:41.712825
V,FRI(END)S,FRI (END) S,V - Topic,148,https://www.youtube.com/watch?v=HDMRTsPgSDU,2025-09-09T11:21:52.068895
Twice,ONE SPARK,ONE SPARK (English ver.),TWICE,184,https://www.youtube.com/watch?v=h0hDXXxGB9s,2025-09-09T11:22:03.391662
i-dle,Wife,(G)I-DLE - 'Wife' Official Audio,i-dle - Topic,121,https://www.youtube.com/watch?v=PfDm0Fo-zXI,2025-09-09T11:22:14.738076
ITZY,UNTOUCHABLE,UNTOUCHABLE,ITZY,194,https://www.youtube.com/watch?v=Vq1PNZkUQjg,2025-09-09T11:22:25.911583
Jimin,Closer Than This,ì§€ë¯¼ (Jimin) 'Closer Than This' Official MV,HYBE LABELS,264,https://www.youtube.com/watch?v=zzKV_T9ybe8,2025-09-09T11:22:38.874921
Twice,THIS IS FOR,THIS IS FOR,TWICE,131,https://www.youtube.com/watch?v=4tGRXSaYsPg,2025-09-09T11:22:51.147896
J-Hope,Killin' It Girl,j-hope â€˜Killinâ€™ It Girl (Solo Version)â€™ Lyric Video,BANGTANTV,139,https://www.youtube.com/watch?v=XmdPUX3GA5Q,2025-09-09T11:23:02.671581
Jin,Don't Say You Love Me,ì§„ (Jin) 'Don't Say You Love Me' Lyric Video,BANGTANTV,179,https://www.youtube.com/watch?v=iD_3rMPrggQ,2025-09-09T11:23:14.780966
TOMORROW X TOGETHER,Love Language,TXT (íˆ¬ëª¨ë¡œìš°ë°”ì´íˆ¬ê²Œë”) 'Love Language' Official MV,HYBE LABELS,189,https://www.youtube.com/watch?v=8aRTMQvbODs,2025-09-09T11:23:26.166471
J-Hope,MONA LISA,J-hope (ì œì´í™‰) 'Mona Lisa' (Color Coded Lyrics),Jaeguchi,137,https://www.youtube.com/watch?v=q5tsQVd-lmg,2025-09-09T11:23:38.068332
NMIXX,KNOW ABOUT ME,NMIXX(ì—”ë¯¹ìŠ¤) â€œKNOW ABOUT MEâ€ (Official Audio),NMIXX,166,https://www.youtube.com/watch?v=PRAi0t9Kyqg,2025-09-09T11:23:49.523659
HOSHI X WOOZI,96ers,HOSHI X WOOZI: 96ers (Audio),Cadince MasterDrop 9837,166,https://www.youtube.com/watch?v=I7MC-CBUVSc,2025-09-09T11:24:01.473973
Jisoo,earthquake,JISOO ì§€ìˆ˜ 'earthquake' Official Audio,JXS_BP Official,191,https://www.youtube.com/watch?v=YLno_HvoaYA,2025-09-09T11:24:13.271740
JENNIE,ExtraL (feat. Doechii),"JENNIE, Doechii - ExtraL (Official Lyric Video)",JENNIE,168,https://www.youtube.com/watch?v=oFDBWsnWt3c,2025-09-09T11:24:24.708215
JENNIE,Love Hangover (with Dominc Fike),JENNIE & Dominic Fike - Love Hangover (Official Lyric Video),JENNIE,180,https://www.youtube.com/watch?v=tZ6c1dZRAQ4,2025-09-09T11:24:35.608403
STRAY KIDS,Walkin On Water,"Stray Kids ""Walkin On Water"" M/V",JYP Entertainment,172,https://www.youtube.com/watch?v=ovHoY8UBIu8,2025-09-09T11:24:47.945314
n.Ssign,Love Potion,n.SSign (ì—”ì‹¸ì¸) 'Love Potion (ë°±ì¼ëª½; ç™½æ—¥å¤¢)' Official Audio,JXS_BP Official,207,https://www.youtube.com/watch?v=Kq8nj75_vx8,2025-09-09T11:24:59.409844
Dreamcatcher,OOTD,OOTD (OOTD),Dreamcatcher official,177,https://www.youtube.com/watch?v=5sE36Kv2miM,2025-09-09T11:25:10.100790
ZEROBASEONE,CRUSH,ğ‘¶ğ’‡ğ’‡ğ’Šğ’„ğ’Šğ’‚ğ’ ğ‘¨ğ’–ğ’…ğ’Šğ’ Track 03. | ZEROBASEONE (ì œë¡œë² ì´ìŠ¤ì›) 'CRUSH (ê°€ì‹œ)',ZEROBASEONE,169,https://www.youtube.com/watch?v=kyetjbDKGhg,2025-09-09T11:25:20.385038
NiziU,HEARTRIS,"NiziU(ë‹ˆì¥¬) ""HEARTRIS"" M/V",JYP Entertainment,191,https://www.youtube.com/watch?v=gRfDY9WrGwk,2025-09-09T11:25:31.738122
Golden Child,Feel Me,Golden Child (ê³¨ë“ ì°¨ì¼ë“œ) 'Feel me' Official Audio,JXS_BP Official,212,https://www.youtube.com/watch?v=wQVLQQfc6ig,2025-09-09T11:25:43.246990
"Sung Si-Kyung, Naul",Even For A Moment,[MV] ì„±ì‹œê²½ X ë‚˜ì–¼ â€˜ì ì‹œë¼ë„ ìš°ë¦¬â€™ l SUNG SI KYUNG X NAUL 'Even for a moment',ì„±ì‹œê²½ SUNG SI KYUNG,377,https://www.youtube.com/watch?v=IGVOxPeeCMI,2025-09-09T11:25:57.407567
BIGNaughty,Vancouver 2,BIG Naughty- 'Vancouver 2' lyrics (ì„œë™í˜„- 'Vancouver 2' ê°€ì‚¬) (Color Coded lyrics),Korean Psycho,203,https://www.youtube.com/watch?v=L7eWL0ns0RY,2025-09-09T11:26:09.898668
EPEX,FULL METAL JACKET,EPEX(ì´í™ìŠ¤) - FULL METAL JACKET  M/V,EPEX,180,https://www.youtube.com/watch?v=zeSHnvnOfdM,2025-09-09T11:26:20.657581
TEMPEST,Vroom Vroom,TEMPEST (í…œí˜ìŠ¤íŠ¸) 'Vroom Vroom' Official Audio,JXS_BP Official,180,https://www.youtube.com/watch?v=HNEF_axV9l4,2025-09-09T11:26:32.709962
HWASA,I Love My Body,í™”ì‚¬ (HWASA) - 'I Love My Body' MV,HWASA,162,https://www.youtube.com/watch?v=Crq_fRV0O0E,2025-09-09T11:26:43.157083
EVNNE,TROUBLE,EVNNE (ì´ë¸) 'TROUBLE' Official Audio,JXS_BP Official,207,https://www.youtube.com/watch?v=q9NujSujN2A,2025-09-09T11:26:55.056227
D.O,Somebody,D.O (ë””ì˜¤) - Somebody [AUDIO],Aung Hein,159,https://www.youtube.com/watch?v=cOXEgbzjijw,2025-09-09T11:27:05.430955
RIIZE,Get A Guitar,RIIZE (ë¼ì´ì¦ˆ) 'Get A Guitar' Official Audio,JXS_BP Official,160,https://www.youtube.com/watch?v=KrQ052jAuiU,2025-09-09T11:27:16.768593
Cravity,Ready Or Not,Ready or Not,CRAVITY,192,https://www.youtube.com/watch?v=QJ6Hw6VVQc8,2025-09-09T11:27:28.052444
BOYNEXTDOOR,But Sometimes,BOYNEXTDOOR - ë­£ ê°™ì•„ (But Sometimes) [Audio],BLISIT_OFFICIAL,175,https://www.youtube.com/watch?v=YDYisoaBKws,2025-09-09T11:27:39.543651
n.Ssign,Wormhole: New Track,n.SSign (ì—”ì‹¸ì¸) 'ì›œí™€ (Wormhole: New Track)' Official Audio,JXS_BP Official,226,https://www.youtube.com/watch?v=dE66Xosroac,2025-09-09T11:27:51.963570
EVERGLOW,SLAY,EVERGLOW (ì—ë²„ê¸€ë¡œìš°) - SLAY (Audio),Rubik Music,221,https://www.youtube.com/watch?v=P4fMC5BIc5Q,2025-09-09T11:28:03.709567
JIHYO,Killin' Me Good,JIHYO (ì§€íš¨) - Killin' Me Good ã€ŒOfficial Audioã€,í•´ì§ˆë…˜,187,https://www.youtube.com/watch?v=HzorBgIXZKo,2025-09-09T11:28:15.165962
TREASURE,BONA BONA,TREASURE (íŠ¸ë ˆì €) 'BONA BONA' Official Audio,JXS_BP Official,213,https://www.youtube.com/watch?v=6WFIJp6xOco,2025-09-09T11:28:28.306633
THE BOYZ,LIP GLOSS,THE BOYZ (ë”ë³´ì´ì¦ˆ) 'LIP GLOSS' Official Audio,JXS_BP Official,213,https://www.youtube.com/watch?v=08X8sM2cuRQ,2025-09-09T11:28:40.288729
xikers,DO or DIE,DO or DIE (DO or DIE),xikers,211,https://www.youtube.com/watch?v=rIt9Idz4fR8,2025-09-09T11:28:52.412353
ZEROBASEONE,In Bloom,ZEROBASEONE (ì œë¡œë² ì´ìŠ¤ì›) - In Bloom (Official Audio),í•´ì§ˆë…˜,181,https://www.youtube.com/watch?v=de0nnWJkyi4,2025-09-09T11:29:04.180485
NMIXX,Party O'Clock,NMIXX (ì—”ë¯¹ìŠ¤) 'Party O'Clock' Official Audio,JXS_BP Official,184,https://www.youtube.com/watch?v=ET9mYgp-9po,2025-09-09T11:29:15.383869
TREASURE,MOVE (T5),TREASURE - MOVE (T5) [Audio],Goojin,208,https://www.youtube.com/watch?v=FkTb5smvn0Y,2025-09-09T11:29:26.294655
BOL4,Someday (ft HaHyunSang),BOL4 (ë³¼ë¹¨ê°„ì‚¬ì¶˜ê¸°) feat. Ha Hyun Sang í•˜í˜„ìƒ - Someday (ì—¬ë¦„ë‚ ) Lyrics/ê°€ì‚¬ [Han|Rom|Eng],AlphaSubs,224,https://www.youtube.com/watch?v=Ta5C2RsMoMY,2025-09-09T11:29:38.219269
ZiA,Because You Don't Love Me,[MV] Zia(ì§€ì•„) _ Because You Don't Love Me(ì‚¬ë‘í•˜ì§€ ì•Šì•„ì„œ ê·¸ë¬ë‹ˆ),1theK (ì›ë”ì¼€ì´),229,https://www.youtube.com/watch?v=JIFBmAILXVE,2025-09-09T11:29:50.630393
WEi,OVERDRIVE,WEi (ìœ„ì•„ì´) 'ì§ˆì£¼ (OVERDRIVE)' Official Audio,JXS_BP Official,195,https://www.youtube.com/watch?v=Vke89RE64eQ,2025-09-09T11:30:01.742180
Tophyun,Only You,TOPHYUN - ONLY YOU Lyrics (HAN/ROM/ENG),Ririlala,194,https://www.youtube.com/watch?v=QqEWkEMevyI,2025-09-09T11:30:15.094331
Kassy,Crush On You,Kassy - Crush On You (ì‚¬ì‹¤ë§ì•¼ë‚´ê°€ë§ì•¼ê·¸ê²Œê·¸ëŸ¬ë‹ˆê¹Œë§ì´ì•¼) [Rom|Eng Lyric],ElyDha Subs,179,https://www.youtube.com/watch?v=N-BjimQhsY8,2025-09-09T11:30:27.394599
P1Harmony,JUMP,P1Harmony (í”¼ì›í•˜ëª¨ë‹ˆ) 'JUMP' Official Audio,JXS_BP Official,163,https://www.youtube.com/watch?v=93GT3MPRhXo,2025-09-09T11:30:38.999551
fromis_9,#menow,fromis_9 - #menow [Audio],Goojin,170,https://www.youtube.com/watch?v=-vXB5YiC4lg,2025-09-09T11:30:50.873082
Secret Number,DOXA,"SECRET NUMBER ""ë…ì‚¬ (DOXA)"" M/V",SECRET NUMBER,214,https://www.youtube.com/watch?v=6Tr5wV1opKw,2025-09-09T11:31:02.697652
CIX,"Save me, Kill me","CIX - Save me, Kill me [Audio]",BLISIT_OFFICIAL,217,https://www.youtube.com/watch?v=dll0WWXp9Aw,2025-09-09T11:31:15.042268
Dreamcatcher,BONVOYAGE,Dreamcatcher (ë“œë¦¼ìºì³) 'BONVOYAGE' Official Audio,JXS_BP Official,214,https://www.youtube.com/watch?v=rAGu_ccMHH0,2025-09-09T11:31:25.660928
NMIXX,Love Me Like This,NMIXX - Love Me Like Thisã€Audioã€,Goojin,189,https://www.youtube.com/watch?v=mQygTxV8hNY,2025-09-09T11:31:37.395169
Twice,Set Me Free,TWICE (íŠ¸ì™€ì´ìŠ¤) - SET ME FREE (Audio),Rubik Music,182,https://www.youtube.com/watch?v=Z3X3l2O5CmM,2025-09-09T11:31:48.870610
SF9,BIBORA,SF9 'ë¹„ë³´ë¼ (BIBORA)' MUSIC VIDEO,FNCEnt,201,https://www.youtube.com/watch?v=Gft8YBmNsjA,2025-09-09T11:32:01.098721
ASTRO,EXTRA VIRGIN,YOON SAN-HA ìœ¤ì‚°í•˜ - â€˜EXTRA VIRGIN' M/V,fantagio íŒíƒ€ì§€ì˜¤,205,https://www.youtube.com/watch?v=5UG8Dpg0Q2o,2025-09-09T11:32:12.996563
CLOSE YOUR EYES,Snowy Summer,CLOSE YOUR EYES (í´ë¡œìŠ¤ ìœ ì–´ ì•„ì´ìŠ¤) - Snowy Summer [Color coded lyrics],SYWOODZ,191,https://www.youtube.com/watch?v=_DVQZDGqsNM,2025-09-09T11:32:25.322015
SUPER JUNIOR,Express Mode,SUPER JUNIOR ìŠˆí¼ì£¼ë‹ˆì–´ 'Express Mode' Official Audio,korzou,188,https://www.youtube.com/watch?v=eHHq8iqsuDo,2025-09-09T11:32:37.114444
AHOF,Rendezvous,03. ê·¸ê³³ì—ì„œ ë‹¤ì‹œ ë§Œë‚˜ê¸°ë¡œ í•´ (Rendezvous) (Official Audio),AHOF,220,https://www.youtube.com/watch?v=7p2PnIRDv00,2025-09-09T11:32:50.010133
ONEUS,X,ONEUS (ì›ì–´ìŠ¤) - X [Audio],SwordsLazer Music,171,https://www.youtube.com/watch?v=UrzFP-UBJ2Y,2025-09-09T11:33:27.199633
Cravity,SET NET G0?!,SET NET G0?!,CRAVITY,165,https://www.youtube.com/watch?v=V48WQ_92OcQ,2025-09-09T11:33:38.865753
QWER,Dear,QWER Dear Lyrics (Color Coded Lyrics),Chaereve,202,https://www.youtube.com/watch?v=rGUH028pUNU,2025-09-09T11:33:49.424925
ATEEZ,Lemon Drop,ATEEZ: Lemon Drop (Audio),Cadince MasterDrop 9837,183,https://www.youtube.com/watch?v=1kqnT7JBkBk,2025-09-09T11:34:00.839313
KISS OF LIFE,Lips Hips Kiss,KISS OF LIFE (í‚¤ìŠ¤ì˜¤ë¸Œë¼ì´í”„) - Lips Hips Kiss [Audio],SwordsLazer Music,189,https://www.youtube.com/watch?v=opPGZeVPCHg,2025-09-09T11:34:12.027545
ITZY,Girls Will Be Girls,ITZY - Girls Will Be Girls (Audio Clip),ITZY,168,https://www.youtube.com/watch?v=Le9eED3ayrw,2025-09-09T11:34:23.365913
N.Flying,Everlasting,N.Flying (ì—”í”Œë¼ì‰) 'ë§Œë…„ì„¤ (Everlasting)' MV,N.Flying (ì—”í”Œë¼ì‰),289,https://www.youtube.com/watch?v=2L_W8hPpdhg,2025-09-09T11:34:35.569844
USPEER,ZOOM,USPEER ìœ ìŠ¤í”¼ì–´ 'ZOOM' Official Audio,JXS_BP Official,179,https://www.youtube.com/watch?v=dswsjPGA0FM,2025-09-09T11:34:48.131287
UAU,2 Months,ìœ ì•„ìœ (UAU) '2 Months' Dance Video (MV ver.),Dreamcatcher official,155,https://www.youtube.com/watch?v=pJVr3AkBASI,2025-09-09T11:34:59.684298
KickFlip,FREEZE,"KickFlip(í‚¥í”Œë¦½) ""FREEZE"" M/V",JYP Entertainment,163,https://www.youtube.com/watch?v=Z6fpV6V9y80,2025-09-09T11:35:10.541173
Baekhyun,Elevator,BAEKHYUN 'Elevator' Lyrics (ë°±í˜„ Elevator ê°€ì‚¬) [Color Coded Han_Rom_Eng] | ShadowByYoongi,ShadowByYoongi,187,https://www.youtube.com/watch?v=1UnHoCAdMnY,2025-09-09T11:35:22.153304
tripleS,Are You Alive,tripleS - ARE YOU ALIVE?(Audio Ver.),K-Highlight-,187,https://www.youtube.com/watch?v=9cg0E64yyY4,2025-09-09T11:35:33.677650
FIFTY FIFTY,Pookie,FIFTY FIFTY Pookie Lyrics (Color Coded Lyrics),Chaereve,153,https://www.youtube.com/watch?v=DqVgjXIocmk,2025-09-09T11:35:47.355631
P1Harmony,DUH!,P1Harmony í”¼ì›í•˜ëª¨ë‹ˆ 'DUH!' Official Audio,JXS_BP Official,186,https://www.youtube.com/watch?v=PyH8LDVLr4Y,2025-09-09T11:35:58.271480
Kai,Wait On Me,KAI: Wait On Me (Audio),Cadince MasterDrop 9837,194,https://www.youtube.com/watch?v=UcIxGXku4qs,2025-09-09T11:36:09.935276
UNIS,SWICY,02. SWICY (Official Audio),UNIS,183,https://www.youtube.com/watch?v=fz1K3uUPKhc,2025-09-09T11:36:21.423851
82MAJOR,TAKEOVER,82MAJOR 82ë©”ì´ì € 'TAKEOVER' Official Audio,JXS_BP Official,188,https://www.youtube.com/watch?v=eESHcysYMnE,2025-09-09T11:36:32.608240
izna,SIGN,izna (ì´ì¦ˆë‚˜) 'Sign' (Color Coded Lyrics),Jaeguchi,165,https://www.youtube.com/watch?v=ndo6QkpcgFQ,2025-09-09T11:36:43.948399
Kik5o X AleXa,VITAL CHECK,Kik5o X AleXa 'VITAL CHECK' MV,í‚¤ì½”ì˜ ìŠ¤ëª°ë£¸,196,https://www.youtube.com/watch?v=vIyCWMVZwkI,2025-09-09T11:36:55.244247
DAESUNG,Universe,DAESUNG (ëŒ€ì„±) 'Universe' (Color Coded Lyrics),Jaeguchi,228,https://www.youtube.com/watch?v=HnO6DxvAlzM,2025-09-09T11:37:07.490677
NiziU,LOVE LINE,LOVE LINE -Japanese version-,NiziU Official,192,https://www.youtube.com/watch?v=wf9RSJe4QxY,2025-09-09T11:37:18.470144
CLOSE YOUR EYES,All My Poetry,CLOSE YOUR EYES í´ë¡œì¦ˆ ìœ ì–´ ì•„ì´ì¦ˆ 'All My Poetry' Official Audio,JXS_BP Official,216,https://www.youtube.com/watch?v=g80OQmw7KRM,2025-09-09T11:37:29.917412
xikers,BREATHE,xikers ì‹¸ì´ì»¤ìŠ¤ 'BREATHE' Official Audio,JXS_BP Official,183,https://www.youtube.com/watch?v=NNSK0alGZ44,2025-09-09T11:37:41.852898
TEN,STUNNER,STUNNER (English Version),TEN - Topic,214,https://www.youtube.com/watch?v=ZxYP5MrFuuw,2025-09-09T11:37:53.373847
TNX,For Real!?,TNX - 'ì•„ ì§„ì§œ (For Real?)' MV,TNX,197,https://www.youtube.com/watch?v=jMcnUVuXdfU,2025-09-09T11:38:04.931416
TREASURE,YELLOW,TREASURE íŠ¸ë ˆì € 'YELLOW' Official Audio,JXS_BP Official,192,https://www.youtube.com/watch?v=5VV8sBmfLnI,2025-09-09T11:38:16.780398
8TURN,LEGGO,8TURN(ì—ì‡í„´) 'LEGGO' Lyric Video, 8TURN,167,https://www.youtube.com/watch?v=R3ab_KSmsrc,2025-09-09T11:38:28.520620
Hearts2Hearts,The Chase,Hearts2Hearts í•˜ì¸ íˆ¬í•˜ì¸  'The Chase' Lyric Video,Hearts2Hearts,186,https://www.youtube.com/watch?v=80-Q7b1qaFg,2025-09-09T11:38:39.795739
ALL(H)OURS,GIMME GIMME,ALL(H)OURS (ì˜¬ì•„ì›Œì¦ˆ) 'GIMME GIMME' Official M/V,ì˜¬ì•„ì›Œì¦ˆ ALL(H)OURS ,203,https://www.youtube.com/watch?v=qW_3HCrda58,2025-09-09T11:38:50.291908
NouerA,N.I.N (New is Now),NouerA N.I.N (New is Now) MV,NouerA,217,https://www.youtube.com/watch?v=nfI7SX5n03c,2025-09-09T11:39:02.306137
CIX,THUNDER,CIX ì”¨ì•„ì´ì—‘ìŠ¤ 'THUNDER' Official Audio,JXS_BP Official,209,https://www.youtube.com/watch?v=LqpdHvUFxzg,2025-09-09T11:39:14.785711
RESCENE,Glow Up,Glow Up (English Version) (Glow Up (English Version)),RESCENE,148,https://www.youtube.com/watch?v=a5_b7KfG15Y,2025-09-09T11:39:25.567050
KickFlip,Mama Said,KickFlip(í‚¥í”Œë¦½) 'Mama said(ë­ê°€ ë˜ë ¤ê³ ?)' (Color Coded Lyrics),Jaeguchi,174,https://www.youtube.com/watch?v=7_-lH7Vvl4A,2025-09-09T11:39:37.213573
WayV,FREQUENCY,FREQUENCY è¶…é¢‘ç‡,WayV,160,https://www.youtube.com/watch?v=Fd-6UPZEhhI,2025-09-09T11:39:48.399831
TWS,Last Festival,TWS: Last Festival (Audio),Cadince MasterDrop 9837,193,https://www.youtube.com/watch?v=ohjoiJn0IIY,2025-09-09T11:40:00.231855
Hwang Karam,I'm Firefly,I`m Firefly (ë‚˜ëŠ” ë°˜ë”§ë¶ˆ),í™©ê°€ëŒê³¼ ë™ë„¤ì²­ë…„,215,https://www.youtube.com/watch?v=9XFGRri2ivs,2025-09-09T11:40:11.834870
IRENE,Like A Flower,IRENE (ì•„ì´ë¦°) 'Like A Flower' Official Audio,JXS_BP Official,193,https://www.youtube.com/watch?v=Mj5E4KaMXhc,2025-09-09T11:40:24.735144
izna,IZNA,izna (ì´ì¦ˆë‚˜) 'IZNA' (Color Coded Lyrics),Jaeguchi,154,https://www.youtube.com/watch?v=YOsx4h_tPDc,2025-09-09T11:40:36.142005
ENHYPEN,No Doubt,ENHYPEN (ì—”í•˜ì´í”ˆ) 'No Doubt' Official MV,HYBE LABELS,184,https://www.youtube.com/watch?v=rDolt3jJRsM,2025-09-09T11:40:47.248680
BABYMONSTER,DRIP,BABYMONSTER - â€˜DRIPâ€™ (Official Audio),BABYMONSTER,185,https://www.youtube.com/watch?v=YVbwMufQCYA,2025-09-09T11:40:58.771113
ATEEZ,Ice On My Teeth,[ğ—”ğ—¨ğ——ğ—œğ—¢] ATEEZ (ì—ì´í‹°ì¦ˆ) - Ice On My Teeth,KPOP AUDIO,184,https://www.youtube.com/watch?v=vwVvzfD8scc,2025-09-09T11:41:10.043283
TOMORROW X TOGETHER,Over The Moon,Over The Moon (English Ver.),TOMORROW X TOGETHER OFFICIAL,157,https://www.youtube.com/watch?v=_igNGEUE5Xw,2025-09-09T11:41:21.572601
Kep1er,TIPI-TAP,Kep1er (ì¼€í”ŒëŸ¬) - TIPI-TAP [Audio],HanHaGi Channel,173,https://www.youtube.com/watch?v=03HmJ-W3vCM,2025-09-09T11:41:32.228425
EPEX,UNIVERSE,EPEX (ì´í™ìŠ¤) - UNIVERSE [Audio],SwordsLazer Music,179,https://www.youtube.com/watch?v=NBhU2ZN2hpg,2025-09-09T11:41:44.212612
tripleS,Hit the Floor,tripleS(íŠ¸ë¦¬í”Œì—ìŠ¤) Visionary Vision â€˜Hit the Floorâ€™ Official MV,tripleS official,187,https://www.youtube.com/watch?v=aKyt6Ahxwss,2025-09-09T11:41:55.890123
Xdinary Heroes,Night before the end,Xdinary Heroes (ì—‘ìŠ¤ë””ë„ˆë¦¬ íˆì–´ë¡œì¦ˆ) 'Night before the end' Official Audio,JXS_BP Official,206,https://www.youtube.com/watch?v=8wvglymGs_U,2025-09-09T11:42:07.694452
KISS OF LIFE,Get Loud,KISS OF LIFE (í‚¤ìŠ¤ì˜¤ë¸Œë¼ì´í”„) - Get Loud  [Audio],HanHaGi Channel,170,https://www.youtube.com/watch?v=wOAcObWSgMw,2025-09-09T11:42:19.099248
Billlie,remembrance candy,Billlie (ë¹Œë¦¬) 'remembrance candy' Official Audio,JXS_BP Official,184,https://www.youtube.com/watch?v=8kIhwtU6f0I,2025-09-09T11:42:30.440482
VANNER,Automatic,VANNER (ë°°ë„ˆ) 'Automatic' Official Audio,JXS_BP Official,188,https://www.youtube.com/watch?v=ne4ahUsJn9M,2025-09-09T11:42:42.615857
NCT WISH,Steady,NCT WISH (ì—”ì‹œí‹° ìœ„ì‹œ) 'Steady' Official Audio,JXS_BP Official,180,https://www.youtube.com/watch?v=8LDF93V4fzA,2025-09-09T11:42:54.039068
FIFTY FIFTY,SOS,SOS (ENG Version),FIFTY FIFTY Official,188,https://www.youtube.com/watch?v=KzYZPJOYxLM,2025-09-09T11:43:05.321568
P1Harmony,SAD SONG,P1Harmony (í”¼ì›í•˜ëª¨ë‹ˆ) - â€˜SAD SONGâ€™ MV,P1Harmony,206,https://www.youtube.com/watch?v=uHJDposrTMw,2025-09-09T11:43:16.729439
MEOVV,MEOW,MEOVV(ë¯¸ì•¼ì˜¤) - â€˜MEOWâ€™ (Official Audio),MEOVV,172,https://www.youtube.com/watch?v=XH3KaePE2PA,2025-09-09T11:43:28.706248
Baekhyun,Pineapple Slice,BAEKHYUN (ë°±í˜„) 'Pineapple Slice' Official Audio,JXS_BP Official,196,https://www.youtube.com/watch?v=AuY0ieQgGEU,2025-09-09T11:43:40.091721
YOUNHA,Sunfish,Sunï¬sh (íƒœì–‘ë¬¼ê³ ê¸°),YOUNHA OFFICIAL,219,https://www.youtube.com/watch?v=I3wPjqoWCMY,2025-09-09T11:43:52.146878
Tzuyu,Run Away,TZUYU (ì¯”ìœ„) 'Run Away' Official Audio,JXS_BP Official,198,https://www.youtube.com/watch?v=Rttehmdj-A0,2025-09-09T11:44:04.152138
Oh My Girl,Classified,OH MY GIRL (ì˜¤ë§ˆì´ê±¸) 'Classified' Official Audio,JXS_BP Official,195,https://www.youtube.com/watch?v=R8ECxvn_DTw,2025-09-09T11:44:15.656984
UNIS,Curious,01. ë„ˆë§Œ ëª°ë¼ (Curious) (Official Audio),UNIS,191,https://www.youtube.com/watch?v=PfLD2zHgITw,2025-09-09T11:44:26.926808
BamBam,LAST PARADE,BamBam (ë±€ë±€) 'LAST PARADE' Official Audio,JXS_BP Official,188,https://www.youtube.com/watch?v=nYdCp_2orHk,2025-09-09T11:44:38.676177
n.Ssign,Tiger (New Flavour),n.SSign (ì—”ì‹¸ì¸) - Tiger (New Flavour) [Audio],SwordsLazer Music,164,https://www.youtube.com/watch?v=Cc26Q0iTo9o,2025-09-09T11:44:49.966196
ENHYPEN,Brought The Heat Back,ENHYPEN: Brought The Heat Back (Audio),Cadince MasterDrop 9837,177,https://www.youtube.com/watch?v=LzbjdCgK1kU,2025-09-09T11:45:00.274324
TONY,Jigglin',TONY (í† ë‹ˆ) - 'JIGGLIN'' MV,TONY YU (í† ë‹ˆìœ ),196,https://www.youtube.com/watch?v=zqjHVIYnZ3k,2025-09-09T11:45:13.423665
Dreamcatcher,JUSTICE,Dreamcatcher (ë“œë¦¼ìºì³) 'JUSTICE' Official Audio,JXS_BP Official,180,https://www.youtube.com/watch?v=E3034fuEc7o,2025-09-09T11:45:25.669848
NCT WISH,Songbird,Songbird (Korean Version),NCT WISH,182,https://www.youtube.com/watch?v=1wcQnFzozLI,2025-09-09T11:45:37.663029
STAYC,Cheeky Icy Thang,STAYC (ìŠ¤í…Œì´ì”¨) 'Cheeky Icy Thang' Official Audio,JXS_BP Official,151,https://www.youtube.com/watch?v=TE_o7Dk48xU,2025-09-09T11:45:49.084929
H1-Key,Let It Burn,H1-KEY(í•˜ì´í‚¤) ëœ¨ê±°ì›Œì§€ì(Let It Burn) Official M/V,H1-KEY,219,https://www.youtube.com/watch?v=GRgUK0JGoNg,2025-09-09T11:46:00.801148
JxW,Last Night,JEONGHAN X WONWOO (SEVENTEEN) 'ì–´ì ¯ë°¤ (Guitar by ë°•ì£¼ì›)' Official MV,HYBE LABELS,229,https://www.youtube.com/watch?v=EJF2PV3BQtQ,2025-09-09T11:46:12.105090
EVNNE,Badder Love,Badder Love (English Version),EVNNE,158,https://www.youtube.com/watch?v=UmfUzGrzGUk,2025-09-09T11:46:24.959157
Nayeon,ABCD,ABCD (Extended Version),NAYEON - Topic,200,https://www.youtube.com/watch?v=SJLUPBUHLeQ,2025-09-09T11:46:37.080776
NewJeans,Bubble Gum,Bubble Gum - NewJeans (Audio),Music Audio,200,https://www.youtube.com/watch?v=Zqdbsz4M3-M,2025-09-09T11:46:48.785050
EVERGLOW,ZOMBIE,EVERGLOW (ì—ë²„ê¸€ë¡œìš°) 'ZOMBIE' Official Audio,JXS_BP Official,199,https://www.youtube.com/watch?v=_xe3yaiOtQQ,2025-09-09T11:46:59.797703
TREASURE,KING KONG,TREASURE (íŠ¸ë ˆì €) 'KING KONG' Official Audio,JXS_BP Official,196,https://www.youtube.com/watch?v=n30e5y0t7xQ,2025-09-09T11:47:12.135791
Kep1er,Shooting Star,Shooting Star - Kep1er (Audio),Music Audio,184,https://www.youtube.com/watch?v=R-glyaIXPbA,2025-09-09T11:47:23.451102
ATEEZ,WORK,ATEEZ (ì—ì´í‹°ì¦ˆ) 'WORK' Official Audio,JXS_BP Official,173,https://www.youtube.com/watch?v=D4DiJat9wzg,2025-09-09T11:47:34.988588
WayV,Give me That,Give Me That (Korean Version),WayV,176,https://www.youtube.com/watch?v=RhZ0kwij2To,2025-09-09T11:47:49.166107
DXMON,"Girls, Love boys, Love girls","Girls, Love boys, Love girls",DXMON (ë‹¤ì´ëª¬),197,https://www.youtube.com/watch?v=VHd80-e0ivg,2025-09-09T11:48:01.700743
tripleS,Girls Never Die,tripleS (íŠ¸ë¦¬í”Œì—ìŠ¤) 'Girls Never Die' Official Audio,JXS_BP Official,188,https://www.youtube.com/watch?v=XB8mlBZfjUc,2025-09-09T11:48:21.582004
ONEUS,Now,Now,ONEUS,196,https://www.youtube.com/watch?v=AaEIacQkFQI,2025-09-09T11:48:33.006301
FANTASY BOYS,Pitter-Patter-Love,FANTASY BOYS (íŒíƒ€ì§€ë³´ì´ì¦ˆ) 'Pitter-Patter-Love (ë¶„ëª… ê·¸ë…€ê°€ ë‚˜ë¥¼ ë³´ê³  ì›ƒì–ì•„)' Official Audio,JXS_BP Official,201,https://www.youtube.com/watch?v=qgcy7qgpY1g,2025-09-09T11:48:44.401098
Xdinary Heroes,Little Things,"Xdinary Heroes ""Little Things(ì–´ë¦¬ê³  ë¶€ë„ëŸ½ê³  ë°”ë³´ ê°™ì€)"" M/V",JYP Entertainment,255,https://www.youtube.com/watch?v=UV83lM3UYTw,2025-09-09T11:48:56.078902
Solar,But I,ì†”ë¼ (Solar) 'Colors' Performance Video,MAMAMOO,172,https://www.youtube.com/watch?v=Zbm5USVQQdk,2025-09-09T11:49:07.363545
YUQI,FREAK,YUQI (G)I-DLE - 'FREAK' Official Audio,i-dle - Topic,171,https://www.youtube.com/watch?v=sPJ6HouT5fc,2025-09-09T11:49:18.349307
KISS OF LIFE,Midas Touch,Midas Touch (Midas Touch),KISS OF LIFE - Topic,163,https://www.youtube.com/watch?v=N0zQoNSJl-0,2025-09-09T11:49:29.902207
EPEX,Youth2Youth,EPEX (ì´í™ìŠ¤) 'Youth2Youth (ì²­ì¶˜ì—ê²Œ)' Official Audio,JXS_BP Official,201,https://www.youtube.com/watch?v=ycIZq9bs_T0,2025-09-09T11:49:43.808276
Woody,When You Alone,ìš°ë”” (Woody ã‚¦ãƒƒãƒ‡ã‚£) 'ã‚‚ã—ä¸–ç•Œã«ã²ã¨ã‚Šæ®‹ã•ã‚ŒãŸãªã‚‰' (When You Alone - Japanese ver. - ) Official Audio,ê¹€ìƒìš°ë”” [Woody Official],179,https://www.youtube.com/watch?v=CdrlsrpSJmM,2025-09-09T11:49:55.184627
DAY6,Welcome to the Show,DAY6 (ë°ì´ì‹ìŠ¤) 'Welcome to the Show' Official Audio,JXS_BP Official,217,https://www.youtube.com/watch?v=70ZUhz8j9zk,2025-09-09T11:50:05.391773
DAVICHI,I'll be by your side,DAVICHI (ë‹¤ë¹„ì¹˜) â€“ â€œIâ€™ll Be By Your Side (ë„ˆì˜ í¸ì´ ë¼ ì¤„ê²Œ)â€ [Color Coded Lyrics Han_Rom_Sub Ita_ê°€ì‚¬],Suzuyaaki,240,https://www.youtube.com/watch?v=QqMa4jOEBUQ,2025-09-09T11:50:17.626021
UNIS,SUPERWOMAN,01. SUPERWOMAN (Official Audio),UNIS,188,https://www.youtube.com/watch?v=CwxXkdltwrs,2025-09-09T11:50:30.202957
i-dle,Fate,(G)I-DLE - 'Fate (ë‚˜ëŠ” ì•„í”ˆê±´ ë”± ì§ˆìƒ‰ì´ë‹ˆê¹Œ)' Official Audio,i-dle - Topic,162,https://www.youtube.com/watch?v=VBtVfmzep9M,2025-09-09T11:50:41.603614
TNX,FUEGO,THE NEW SIX (í‹°ì—”ì—‘ìŠ¤) 'FUEGO' Official Audio,JXS_BP Official,193,https://www.youtube.com/watch?v=Qxki7Vdu5Cs,2025-09-09T11:50:52.855320
n.Ssign,FUNK JAM,n.SSign(ì—”ì‹¸ì¸) 'FUNK JAMâ€™ (Official Audio) | n.SSign 2nd MINI ALBUM 'Happy &',nSSign,197,https://www.youtube.com/watch?v=w1ZO9MiGVdU,2025-09-09T11:51:04.314014
TEMPEST,LIGHTHOUSE,TEMPEST(í…œí˜ìŠ¤íŠ¸) - LIGHTHOUSE M/V,TEMPEST,210,https://www.youtube.com/watch?v=v6WIePs7U4g,2025-09-09T11:51:15.681608
Highlight,BODY,HIGHLIGHT (í•˜ì´ë¼ì´íŠ¸) 'BODY' Official Audio,JXS_BP Official,192,https://www.youtube.com/watch?v=ApTjQzhwnkQ,2025-09-09T11:51:30.568426
WENDY,Wish You Hell,WENDY (ì›¬ë””) 'Wish You Hell' Official Audio,JXS_BP Official,170,https://www.youtube.com/watch?v=m4VpZsa29eQ,2025-09-09T11:51:42.237603
xikers,We Don't Stop,We Donâ€™t Stop (We Donâ€™t Stop),xikers,189,https://www.youtube.com/watch?v=yfDe2EzNeHw,2025-09-09T11:51:54.436176
NCT WISH,WISH,WISH (Korean Ver.),NCT WISH,186,https://www.youtube.com/watch?v=TwLq9nPKHYs,2025-09-09T11:52:05.891181
Taeyoung,TAP,TAEYONG (íƒœìš©) 'TAP' Official Audio,JXS_BP Official,158,https://www.youtube.com/watch?v=385h5FmE44k,2025-09-09T11:52:17.264171
Cravity,Love or Die,Love or Die,CRAVITY,246,https://www.youtube.com/watch?v=-hav30FUDxw,2025-09-09T11:52:28.625628
Moon Byul,TOUCHIN&MOVIN,Moon Byul (ë¬¸ë³„) 'TOUCHIN & MOVIN' Official Audio,JXS_BP Official,202,https://www.youtube.com/watch?v=giwlVILJ-Z0,2025-09-09T11:52:40.006112
IU,Holssi,IU (ì•„ì´ìœ ) 'Holssi (í™€ì”¨)' Official Audio,JXS_BP Official,191,https://www.youtube.com/watch?v=VzPX6J_wLAc,2025-09-09T11:52:51.966777
n.Ssign,Happy &,n.SSign(ì—”ì‹¸ì¸) 'FUNK JAMâ€™ (Official Audio) | n.SSign 2nd MINI ALBUM 'Happy &',nSSign,197,https://www.youtube.com/watch?v=w1ZO9MiGVdU,2025-09-09T11:53:02.248328
TEN,Nightwalker,TEN (í…) - Nightwalker [Official Audio],á´·â±áµ Ë¢áµ’â¿áµ,204,https://www.youtube.com/watch?v=ftn6LhIE4tk,2025-09-09T11:53:13.917337
P1Harmony,Killin' It,P1Harmony (í”¼ì›í•˜ëª¨ë‹ˆ) 'ë•Œê¹” (Killin' It)' Official Audio,JXS_BP Official,176,https://www.youtube.com/watch?v=KyhrKKF1Ovk,2025-09-09T11:53:25.868558
GroovyRoom,"Yes or No (ft. Huh Yunjin, Crush)","GroovyRoom - Yes or No (Feat. í—ˆìœ¤ì§„ of LE SSERAFIM, Crush) (Official Lyric Video)",H1GHR MUSIC,182,https://www.youtube.com/watch?v=zZwFi86zIZM,2025-09-09T11:53:37.076097
Jukjae,Midnight Call,Midnight Call,ì ì¬ JUKJAE Official,184,https://www.youtube.com/watch?v=XjdAJ5Oy-AQ,2025-09-09T11:53:48.502357
EVNNE,UGLY,EVNNE (ì´ë¸) 'UGLY' Official Audio,JXS_BP Official,201,https://www.youtube.com/watch?v=kBhM0TrzqQA,2025-09-09T11:54:00.227296
CIX,Lovers Or Enemies,CIX(ì”¨ì•„ì´ì—‘ìŠ¤) - Lovers or Enemies M/V,CIX Official,173,https://www.youtube.com/watch?v=kMhOMyV2WFY,2025-09-09T11:54:13.150410
HUI,Hmm BOP,í›„ì´(HUI) - 'í ë»‘(Hmm BOP)' Official Music Video,PENTAGON íœíƒ€ê³¤ (Official YouTube Channel),294,https://www.youtube.com/watch?v=mQ6AMpwPHKI,2025-09-09T11:54:24.451922
YENA,Good Morning,YENA (ìµœì˜ˆë‚˜) 'Good Morning' Official Audio,JXS_BP Official,185,https://www.youtube.com/watch?v=N05TdVlvuMM,2025-09-09T11:54:36.417448
JAECHAN,Hello,JAECHAN (ì¬ì°¬) 'Hello' Official Audio,JXS_BP Official,208,https://www.youtube.com/watch?v=FHTAnD97ej0,2025-09-09T11:54:48.298280
Lee Chae-yeon,LET'S DANCE,LEE CHAE YEON (ì´ì±„ì—°) 'LETâ€²S DANCE' Official Audio,JXS_BP Official,199,https://www.youtube.com/watch?v=qAcYUfQeax0,2025-09-09T11:55:00.571847
Kim Sejeong,Top or Cliff,KIM SEJEONG - Top or Cliff [Audio],BLISIT_OFFICIAL,221,https://www.youtube.com/watch?v=c_S8SqUEntE,2025-09-09T11:55:12.310980
H1-Key,SEOUL (Such A Beautiful City),H1-KEY(í•˜ì´í‚¤) 'SEOUL (Such a Beautiful City)' M/V,H1-KEY,206,https://www.youtube.com/watch?v=KWGgu2XCyPU,2025-09-09T11:55:24.413199
VANNER,PERFORMER,VANNER (ë°°ë„ˆ) 'PERFORMER' Official Audio,JXS_BP Official,174,https://www.youtube.com/watch?v=KXQZHNbSiRA,2025-09-09T11:55:35.883431
TIOT,Unbeatable,TIOT â€¢ Unbeatable [Audio],aroha music,184,https://www.youtube.com/watch?v=cHY_MQ0P6OM,2025-09-09T11:55:47.255108
Lee Chan-won,Twist Go Go,Lee Chan Won (ì´ì°¬ì›) - 'Twist Go Go' (íŠ¸ìœ„ìŠ¤íŠ¸ê³ ê³ ) English Translation Color Coded Lyrics [Han/Rom/Eng],TwoDiamonds K-Pop,215,https://www.youtube.com/watch?v=XyFvnbB0aQk,2025-09-09T11:55:59.439134
xikers,HOMEBOY,xikers(ì‹¸ì´ì»¤ìŠ¤) - 'HOMEBOY' Official MV,KQ ENTERTAINMENT,255,https://www.youtube.com/watch?v=bqGd-JvIn0Q,2025-09-09T11:56:11.556063
Jo Yu-ri,TAXI,JO YURI - TAXI [Audio],BLISIT_OFFICIAL,169,https://www.youtube.com/watch?v=ekG7Ks3x4W0,2025-09-09T11:56:23.037288
Kwon Eun-bi,The Flash,The Flash (The Flash),ê¶Œì€ë¹„ KWON EUNBI,214,https://www.youtube.com/watch?v=lXrSifrtCNE,2025-09-09T11:56:35.487809
BBGIRLS,ONE MORE TIME,ë¸Œë¸Œê±¸ (BBGIRLS) - ONE MORE TIME (Official Audio),ë¸Œë¸Œê±¸ (BBGIRLS),188,https://www.youtube.com/watch?v=2MFokmL1iAg,2025-09-09T11:56:47.011895
HORI7ON,SIX7EEN,HORI7ON(í˜¸ë¼ì´ì¦Œ) â€¢ SIX7EEN [Audio],aroha music,192,https://www.youtube.com/watch?v=pN9EZwE9c1w,2025-09-09T11:56:59.086254
MIRAE,JUMP!,MIRAE - JUMP! [Audio],BLISIT_OFFICIAL,172,https://www.youtube.com/watch?v=cnt8yKbAFCk,2025-09-09T11:57:09.633024
KISS OF LIFE,Shhh,Shhh (ì‰¿ (Shhh)),KISS OF LIFE - Topic,182,https://www.youtube.com/watch?v=oM1G9L5UJd8,2025-09-09T11:57:21.014026
Odd Eye Circle,Air Force One,ODD EYE CIRCLE (ì˜¤ë“œì•„ì´ì¨í´) 'Air Force One' Official Audio,JXS_BP Official,164,https://www.youtube.com/watch?v=KkSSK9tSfbQ,2025-09-09T11:57:33.198870
Han Seung-woo,Dive Into,HAN SEUNG WOO (í•œìŠ¹ìš°) 'Dive Into' Official Audio,JXS_BP Official,184,https://www.youtube.com/watch?v=SxMbFOEQ1JY,2025-09-09T11:57:46.367403
8TURN,EXCEL,8TURN - EXCEL [Audio],Goojin,171,https://www.youtube.com/watch?v=JdlkJvVd_pA,2025-09-09T11:57:57.349462
Kim Jae-hwan,Lucky! (ft. Bobby),Lucky! (Feat. BOBBY),ê¹€ì¬í™˜ KIM JAEHWAN,200,https://www.youtube.com/watch?v=rxn-LEbpGjM,2025-09-09T11:58:08.964152
LAPILLUS,Who's Next,Lapillus - Who's Next Audio (Without Ads),SpotMusic,193,https://www.youtube.com/watch?v=HjetYnG4-Vk,2025-09-09T11:58:20.568103
LUN8,Wild Heart,LUN8 ë£¨ë„¤ì´íŠ¸ - Wild Heart M/V,fantagio íŒíƒ€ì§€ì˜¤,191,https://www.youtube.com/watch?v=oPmyII_Ks3c,2025-09-09T11:58:32.730659
TNX,Kick It 4 Now,THE NEW SIX (TNX) - Kick It 4 Now [Audio],BLISIT_OFFICIAL,175,https://www.youtube.com/watch?v=88ANbHLu9VY,2025-09-09T11:58:44.310279
AB6IX,LOSER,AB6IX - LOSER [Audio],Goojin,211,https://www.youtube.com/watch?v=Hk8NpLkuFBg,2025-09-09T11:58:55.675150
KARD,ICKY,KARD - ICKY (Audio),Rubik Music,179,https://www.youtube.com/watch?v=91kj6CfZcus,2025-09-09T11:59:08.652041
ATBO,Next To Me,ATBO(ì—ì´í‹°ë¹„ì˜¤) - Next to Me Color Coded Lyrics (han/rom/eng),Imbabey,201,https://www.youtube.com/watch?v=64LjW5LzmM0,2025-09-09T11:59:20.150942
ONEUS,Erase Me,ONEUS (ì›ì–´ìŠ¤) 'ERASE ME' Official Audio,JXS_BP Official,190,https://www.youtube.com/watch?v=sc1ZBf04WEs,2025-09-09T11:59:32.154942
Lee Gi-kwang,Predator,LEE GI KWANG (ì´ê¸°ê´‘) 'Predator' Official Audio,JXS_BP Official,183,https://www.youtube.com/watch?v=2ySDvq0kb4U,2025-09-09T11:59:42.926446
Billlie,EUNOIA,Billlie | 4th EP Official Visualizer Track 03. 'EUNOIA',Billlie,203,https://www.youtube.com/watch?v=a571Rp0p4qo,2025-09-09T11:59:54.019564
Kim Jae-hwan,Spring Breeze,KIM JAEHWAN Spring Breeze Lyrics (Color Coded Lyrics),Chaereve,176,https://www.youtube.com/watch?v=-euBejh05Gc,2025-09-09T12:00:05.630772
Cravity,Groovy,Groovy,CRAVITY,202,https://www.youtube.com/watch?v=2efKm4YJuO4,2025-09-09T12:00:17.443309
Lee Chan-won,Wish Lanterns,Lee Chan Won (ì´ì°¬ì›) - Lantern (í’ë“±) [Rom|Eng Lyric],ElyDha Subs,248,https://www.youtube.com/watch?v=ncg56PC0Yu0,2025-09-09T12:00:29.204189
WayV,BIG BANDS,BIG BANDS (Korean Version),WayV,178,https://www.youtube.com/watch?v=eHA1DQ_x79c,2025-09-09T12:00:40.441756
ONE PACT,"YES, NO, MAYBE","ONE PACT (ì›íŒ©íŠ¸)Â - YES, NO, MAYBE [Official Audio]",KVHS MUSIC,180,https://www.youtube.com/watch?v=oWz9ACpHiX4,2025-09-09T12:00:53.649409
ifeye,r u ok?,ifeye ì´í”„ì•„ì´ 'r u ok?' Official Audio,korzou,164,https://www.youtube.com/watch?v=n1pH15hbFcE,2025-09-09T12:01:06.524282
H1-Key,Summer Was You,H1-KEY - Summer Was You,SwordsLazer Music,192,https://www.youtube.com/watch?v=2hR5vvtjMb8,2025-09-09T12:01:18.044643
POW,Being Tender,POW (íŒŒìš°) 'ë‹¤ì •í•´ì§€ëŠ” ë²• (Being Tender)' M/V,GRID Entertainment,228,https://www.youtube.com/watch?v=gkoIEw1MH-0,2025-09-09T12:01:29.959062
izna,BEEP,izna 'BEEP' [OFFICIAL AUDIO],Miyao â€¢â©Šâ€¢,165,https://www.youtube.com/watch?v=M1a2kVk1K4Y,2025-09-09T12:01:42.954014
ARTMS,Icarus,ARTMS Icarus Lyrics (Color Coded Lyrics),Chaereve,173,https://www.youtube.com/watch?v=pmdW3Pg7VqI,2025-09-09T12:01:54.839619
JAECHAN,Poster Boy,[ì¬ì°¬ JAECHAN] 'Poster Boy' MV,DONGYO ENTERTAINMENT,195,https://www.youtube.com/watch?v=Lr3J8QTyoxc,2025-09-09T12:02:06.156637
CHUU,Only cry in the rain,CHUU Only cry in the rain Lyrics (Color Coded Lyrics),Chaereve,186,https://www.youtube.com/watch?v=Gb9rSiXV8Bc,2025-09-09T12:02:17.725654
TEMPEST,Unfreeze,TEMPEST (í…œí˜ìŠ¤íŠ¸) - Unfreeze MV,Stone Music Entertainment,201,https://www.youtube.com/watch?v=EeYPiPLAFAY,2025-09-09T12:02:28.587840
STAYC,BEBE,STAYC(ìŠ¤í…Œì´ì”¨) 'BEBE' MV,STAYC,186,https://www.youtube.com/watch?v=z-xfGoabprU,2025-09-09T12:02:41.207375
SAY MY NAME,ShaLala,SAY MY NAME(ì„¸ì´ë§ˆì´ë„¤ì„) 'ShaLala' (Official Audio),SAY MY NAME,180,https://www.youtube.com/watch?v=X_HnER9B6Js,2025-09-09T12:02:52.455753
The Wind,Only One,The Wind (ë”ìœˆë“œ) - Only One Color Coded Lyrics (han/rom/eng),Imbabey,176,https://www.youtube.com/watch?v=Oba0Xr2LiMI,2025-09-09T12:03:04.158083
GENBLUE,ACT LIKE THAT,GENBLUE (ì  ë¸”ë£¨) â€˜ACT LIKE THATâ€™ MV,GENBLUE ,197,https://www.youtube.com/watch?v=69QCKEYOAZs,2025-09-09T12:03:15.596705
ARrC,nu kidz,ARrC ì•„í¬ 'nu kidz' Official Audio,JXS_BP Official,200,https://www.youtube.com/watch?v=50av8OwTDsQ,2025-09-09T12:03:27.356824
NOWZ,Let's get it,NOWADAYS(ë‚˜ìš°ì–´ë°ì´ì¦ˆ) 'ë ›ì¸ ê¸°ë¦¿ (Let's get it)' Official Music Video,NOWZ ë‚˜ìš°ì¦ˆ (Official YouTube Channel),202,https://www.youtube.com/watch?v=u0RSffjE0Ig,2025-09-09T12:03:39.059461
VIVIZ,Shhh!,VIVIZ (ë¹„ë¹„ì§€) 'Shhh!' (Color Coded Lyrics),Jaeguchi,193,https://www.youtube.com/watch?v=EiAELzg7btM,2025-09-09T12:03:51.204380
STAYC,GPT,STAYC (ìŠ¤í…Œì´ì”¨) 'GPT' Official Audio,JXS_BP Official,189,https://www.youtube.com/watch?v=Swqrtag3WH8,2025-09-09T12:04:02.792615
SAY MY NAME,WaveWay,SAY MY NAME(ì„¸ì´ë§ˆì´ë„¤ì„) 'WaveWay' (Official Audio),SAY MY NAME,156,https://www.youtube.com/watch?v=gc3_RbA07EE,2025-09-09T12:04:13.520763
xikers,Bittersweet,xikers (ì‹¸ì´ì»¤ìŠ¤) 'Bittersweet' Official Audio,JXS_BP Official,197,https://www.youtube.com/watch?v=JWvgwXd0Bx4,2025-09-09T12:04:25.623683
YOUNG POSSE,ATE THAT,YOUNG POSSE (ì˜íŒŒì”¨) 'ATE THAT' Official Audio,JXS_BP Official,180,https://www.youtube.com/watch?v=qh_F1nL3e8I,2025-09-09T12:04:36.528566
SF9,"Don't Worry, Be Happy","Donâ€™t Worry, Be Happy (feat. JAE YOON)",SF9,215,https://www.youtube.com/watch?v=MzFymDbWWcE,2025-09-09T12:04:48.256577
DRIPPIN,Weekend,DRIPPIN (ë“œë¦¬í•€) 'Weekend' Official Audio,JXS_BP Official,175,https://www.youtube.com/watch?v=gojdSR-u_OY,2025-09-09T12:04:59.912456
LUN8,WHIP,LUN8 ë£¨ë„¤ì´íŠ¸ - â€˜WHIPâ€™ (Official Audio),LUN8 ë£¨ë„¤ì´íŠ¸,181,https://www.youtube.com/watch?v=Dm6HNkKxtzw,2025-09-09T12:05:11.385838
Lee Chae-yeon,Don't,LEE CHAE YEON (ì´ì±„ì—°) 'Don't' Official Audio,JXS_BP Official,171,https://www.youtube.com/watch?v=maqdDMZlr3I,2025-09-09T12:05:24.038966
CHUU,Strawberry Rush,CHUU (ì¸„) 'Strawberry Rush' Official Audio,JXS_BP Official,176,https://www.youtube.com/watch?v=o0U-NzPkKVA,2025-09-09T12:05:35.890311
Kwon Eun-bi,SABOTAGE,KWON EUNBI (ê¶Œì€ë¹„) 'SABOTAGE' Official Audio,JXS_BP Official,196,https://www.youtube.com/watch?v=eX-oc14qqJM,2025-09-09T12:05:47.020289
TWS,hey!hey!,TWS (íˆ¬ì–´ìŠ¤) 'hey! hey!' Official Audio,JXS_BP Official,193,https://www.youtube.com/watch?v=7SeI5FTCNJ4,2025-09-09T12:05:58.528900
XG,WOKE UP,XG 'WOKE UP' Official Audio,JXS_BP Official,188,https://www.youtube.com/watch?v=yRZNZsZjVDQ,2025-09-09T12:06:10.451886
JD1,ERROR 405,JD1 (ì œì´ë””ì›) - ERROR 405 [Audio],SwordsLazer Music,168,https://www.youtube.com/watch?v=lkpwiMtudGk,2025-09-09T12:06:22.258856
ZEROBASEONE,SWEAT,ğ‘¶ğ’‡ğ’‡ğ’Šğ’„ğ’Šğ’‚ğ’ ğ‘¨ğ’–ğ’…ğ’Šğ’ Track 04. | ZEROBASEONE (ì œë¡œë² ì´ìŠ¤ì›) 'SWEAT',ZEROBASEONE,191,https://www.youtube.com/watch?v=HQLfj9n4jGQ,2025-09-09T12:06:34.456508
Kim Jae-hwan,Amaid,"KIM JAE HWAN (ê¹€ì¬í™˜) 'Amaid (Prod. Dynamicduo, Padi)' Official Audio",JXS_BP Official,178,https://www.youtube.com/watch?v=X3n5wVjrI5k,2025-09-09T12:06:47.193490
YOUNITE,GEEKIN,YOUNITE 'GEEKIN' M/V,BRANDNEW MUSIC,178,https://www.youtube.com/watch?v=fdJdEj2bC24,2025-09-09T12:06:58.413360
82MAJOR,Choke,82MAJOR (82ë©”ì´ì €) 'Choke' Official Audio,JXS_BP Official,183,https://www.youtube.com/watch?v=Y8H2d9KUR-o,2025-09-09T12:07:10.188579
NOWZ,OoWee,NOWADAYS 'OoWee' Lyrics (ë‚˜ìš°ì–´ë°ì´ì¦ˆ OoWee ê°€ì‚¬) [Color Coded Han_Rom_Eng] | ShadowByYoongi,ShadowByYoongi,185,https://www.youtube.com/watch?v=kQAmFmxLLhU,2025-09-09T12:07:22.007310
YOUNG POSSE,XXL,YOUNG POSSE (ì˜íŒŒì”¨) 'XXL' Official Audio,JXS_BP Official,153,https://www.youtube.com/watch?v=ZMmdVFuuAEI,2025-09-09T12:07:32.472537
Kim Hee-Jae,What Should I do?,[Audio] ê¹€í¬ì¬ (KIM HEE JAE) - ìš°ì•¼ë…¸ (What should I do?) / #Dance,2%Entertainment,194,https://www.youtube.com/watch?v=E-DILvfKd9I,2025-09-09T12:07:44.565309
A.C.E,My Girl,A.C.E (ì—ì´ìŠ¤) 'My Girl' Official Audio,JXS_BP Official,218,https://www.youtube.com/watch?v=G8JTNjzpuwc,2025-09-09T12:07:55.648754
TRI.BE,Diamond,TRI.BE (íŠ¸ë¼ì´ë¹„) 'Diamond' Official Audio,JXS_BP Official,184,https://www.youtube.com/watch?v=nP9WJWj6j5U,2025-09-09T12:08:07.812691
Twice,Strategy (ft. Megan Thee Stallion),TWICE â€œStrategy (feat. Megan Thee Stallion)â€ Official Lyric Video,TWICE,207,https://www.youtube.com/watch?v=s3GlgzNeGKo,2025-09-09T12:08:18.338872
ROSÃ‰,number one girl,ROSEÌ - number one girl (official music video),ROSÃ‰,218,https://www.youtube.com/watch?v=pZ1NdE69VTs,2025-09-09T12:08:30.821855
DAY6,Happy,DAY6 - HAPPY (Official Audio),DAY6,190,https://www.youtube.com/watch?v=2o1zdX72400,2025-09-09T12:08:43.872441
HWASA,NA,HWASA (í™”ì‚¬) 'NA' Official Audio,JXS_BP Official,164,https://www.youtube.com/watch?v=28LFa8n89J4,2025-09-09T12:08:54.529439
DAY6,Time of Our Life,DAY6 (ë°ì´ì‹ìŠ¤) - Time of Our Life (í•œ í˜ì´ì§€ê°€ ë  ìˆ˜ ìˆê²Œ)('The 5th Mini Album'[The Book of Us: Gravity]),Kpop Musics Short Clips,206,https://www.youtube.com/watch?v=XDbL5N3LRKw,2025-09-09T12:09:06.233090
EXO,?,Monster,EXO,221,https://www.youtube.com/watch?v=EbEJFWjiops,2025-09-09T12:09:17.836217
WOODZ,Drowning,Drowning (Drowning),WOODZ,245,https://www.youtube.com/watch?v=NbKH4iZqq1Y,2025-09-09T12:09:29.754565
ZOZAZZ,Don't you know,ZOZAZZ (ì¡°ì§¸ì¦ˆ) - Don't you know (PROD.ROCOBERRY) ëª¨ë¥´ì‹œë‚˜ìš” (PRDO.ë¡œì½”ë² ë¦¬),ì¡°ì§¸ì¦ˆ,307,https://www.youtube.com/watch?v=vky-xO75dQU,2025-09-09T12:09:42.340202
AKMU,Fry's Dream,AKMU (ì•…ë®¤) - Fry's Dream (í›„ë¼ì´ì˜ ê¿ˆ) Color Coded Lyrics/ê°€ì‚¬ [Han|Rom|Eng],AlphaSubs,205,https://www.youtube.com/watch?v=ZHFxEnxq9Rs,2025-09-09T12:09:55.141832
IVE,Either Way,03. IVE - Either Way,IVE,167,https://www.youtube.com/watch?v=dAwy8e8o4vk,2025-09-09T12:10:08.499418
Parc Jae-jung,Let's Say Goodbye,Parc Jae Jung - Let's Say Goodbye (í—¤ì–´ì§€ì ë§í•´ìš”) [Rom|Eng Lyric],ElyDha Subs,247,https://www.youtube.com/watch?v=J48SYhhLeV4,2025-09-09T12:10:20.718381
LE SSERAFIM,"Eve, Psyche & The Bluebeard's wife","LE SSERAFIM (ë¥´ì„¸ë¼í•Œ) â€˜ì´ë¸Œ, í”„ì‹œì¼€ ê·¸ë¦¬ê³  í‘¸ë¥¸ ìˆ˜ì—¼ì˜ ì•„ë‚´â€™ OFFICIAL M/V",HYBE LABELS,228,https://www.youtube.com/watch?v=dZs_cLHfnNA,2025-09-09T12:10:32.425688
NewJeans,Hype Boy,NewJeans (ë‰´ì§„ìŠ¤) - Hype Boy ã€ŒOfficial Audioã€,K MUSIC,180,https://www.youtube.com/watch?v=T--6HBX2K4g,2025-09-09T12:10:43.998117
Cravity,Now or Never,Now or Never,CRAVITY,173,https://www.youtube.com/watch?v=oxZMl7TgXqE,2025-09-09T12:10:55.635115
ITZY,GOLD,ITZY (ìˆì§€) 'GOLD' Official Audio,JXS_BP Official,187,https://www.youtube.com/watch?v=Z71enQgwXns,2025-09-09T12:11:08.913501
The Wind,"Hello, My First Love","The Wind (ë”ìœˆë“œ) 'Hello, My First Love' Official Audio",JXS_BP Official,192,https://www.youtube.com/watch?v=qmJUJQOfNc0,2025-09-09T12:11:20.724329
BTS,Dynamite,BTS (ë°©íƒ„ì†Œë…„ë‹¨) - DYNAMITE (Official Audio),Nightly,200,https://www.youtube.com/watch?v=OiMWFojB9Ok,2025-09-09T12:11:33.757863
JD1,who Am I,JD1 _ who Am I [Reversed MV] {JEONG DONG WON ì •ë™ì›},Jesus Is Returning,198,https://www.youtube.com/watch?v=-0ifX1tdAlg,2025-09-09T12:11:45.349378
EXO,The First Snow,ì²« ëˆˆ The First Snow,EXO,208,https://www.youtube.com/watch?v=h0b4nw7NDhA,2025-09-09T12:11:56.413396
ENHYPEN,Sweet Venom,Sweet Venom (English Ver.),ENHYPEN,149,https://www.youtube.com/watch?v=n72kj_Xyt4I,2025-09-09T12:12:08.641125
ONEUS,Baila Conmigo,ONEUS (ì›ì–´ìŠ¤) 'Baila Conmigo' Official Audio,JXS_BP Official,188,https://www.youtube.com/watch?v=Uiy9_gNrNzU,2025-09-09T12:12:19.969798
SEVENTEEN,World,SEVENTEEN (ì„¸ë¸í‹´) _World ã€ŒAudioã€,K MUSIC,180,https://www.youtube.com/watch?v=8hlAnGh96Yc,2025-09-09T12:12:31.465115
Taeyoung,SHALALA,TAEYONG (íƒœìš©) 'ìƒ¤ë„ë¼ SHALALA' Official Audio,JXS_BP Official,201,https://www.youtube.com/watch?v=7vON4UJUV_E,2025-09-09T12:12:43.274420
MONSTA X,Beautiful Liar,Beautiful Liar,MONSTA X,183,https://www.youtube.com/watch?v=3sP0x_GFIMo,2025-09-09T12:12:54.499018
ATEEZ,Halazia,ATEEZ (ì—ì´í‹°ì¦ˆ) 'HALAZIA' Official Audio,JXS_BP Official,197,https://www.youtube.com/watch?v=bERCWG8bLW4,2025-09-09T12:13:06.571973
Highlight,Chains,Chains,OFFICIAL HIGHLIGHT,179,https://www.youtube.com/watch?v=Dr_uiUmaegs,2025-09-09T12:13:18.305128
NEXZ,O-RLY?,"NEXZ(ë„¥ìŠ¤ì§€) ""O-RLY?"" M/V",JYP Entertainment,178,https://www.youtube.com/watch?v=624NpugNTi4,2025-09-09T12:13:29.080736
EVNNE,HOT MESS,EVNNE HOT MESS Lyrics (ì´ë¸ HOT MESS ê°€ì‚¬) (Color Coded Lyrics),Jaerasou,147,https://www.youtube.com/watch?v=YRdQvS3-acU,2025-09-09T12:13:39.425835
Eunhyuk,UP N DOWN,EUNHYUK ì€í˜ 'UP N DOWN' Official Audio,JXS_BP Official,193,https://www.youtube.com/watch?v=5pSS5jKBAUA,2025-09-09T12:13:51.295378
GOT7,PYTHON,GOT7 'PYTHON' MV,GOT7,170,https://www.youtube.com/watch?v=4d5C_PQl8Tg,2025-09-09T12:14:02.833607
LE SSERAFIM,ANTIFRAGILE,LE SSERAFIM - ANTIFRAGILE (Audio),Rubik Music,185,https://www.youtube.com/watch?v=vsgdqdbQuc8,2025-09-09T12:14:16.111382
Maktub,Starting with you,ë§ˆí¬íˆ½(MAKTUB) â€“ ì‹œì‘ì˜ ì•„ì´ ãƒã‚¸ãƒãƒªã®ã‚³ (Starting With You) M/V,ë§ˆí¬íˆ½ MAKTUB Official,266,https://www.youtube.com/watch?v=3XDf5Ke2Zj8,2025-09-09T12:14:26.832483
MOONBIN & SANHA,Madness,ASTRO ì•„ìŠ¤íŠ¸ë¡œ ë¬¸ë¹ˆ&ì‚°í•˜ - Madness M/V,fantagio íŒíƒ€ì§€ì˜¤,201,https://www.youtube.com/watch?v=PvpRcDgd5jo,2025-09-09T12:14:38.643845
SF9,Puzzle,SF9 (ì—ìŠ¤ì—í”„ë‚˜ì¸) 'Puzzle' Official Audio,JXS_BP Official,217,https://www.youtube.com/watch?v=l9o6gXW2edE,2025-09-09T12:14:50.240973
Hwang Min Hyun,Hidden Side,HWANG MIN HYUN (í™©ë¯¼í˜„) 'Hidden Side' Official Audio,JXS_BP Official,177,https://www.youtube.com/watch?v=yaQYdMzKRRI,2025-09-09T12:15:02.062390
TNX,Love or Die,Love or Die,TNX,230,https://www.youtube.com/watch?v=OmtAgIFFDMU,2025-09-09T12:15:12.628436
ZiA,Tired of falling in love,ì‚¬ë‘í•˜ê¸° ì‹«ì–´ (Tired of falling in love),Zia - Topic,220,https://www.youtube.com/watch?v=RVLGijsCpKw,2025-09-09T12:15:24.880807
WSG Wannabe (Gaya G),At That Moment,WSG WANNABE Gaya_G (WSGì›Œë„ˆë¹„ ê°€ì•¼G) - At That Moment ê·¸ë•Œ ê·¸ ìˆœê°„ ê·¸ëŒ€ë¡œ (ê·¸ê·¸ê·¸) (ë†€ë©´ ë­í•˜ë‹ˆ?) Lyrics/ê°€ì‚¬ [Han|Rom|Eng],AlphaSubs,268,https://www.youtube.com/watch?v=TBhKB9GpNQ4,2025-09-09T12:15:37.195911
Kep1er,Giddy,Kep1er - Giddyã€ŒAudioã€,SuperCraft Music,191,https://www.youtube.com/watch?v=uTzZVhkOg-Q,2025-09-09T12:15:49.071939
Xdinary Heroes,Freakin' Bad,Xdinary Heroes (ì—‘ìŠ¤ë””ë„ˆë¦¬ íˆì–´ë¡œì¦ˆ) 'Freakin' Bad' Official Audio,JXS_BP Official,184,https://www.youtube.com/watch?v=xS2aoY3dwAY,2025-09-09T12:16:01.812286
BTOB,Wind and Wish,BTOB - ë‚˜ì˜ ë°”ëŒ (Wind And Wish) [Audio],BLISIT_OFFICIAL,221,https://www.youtube.com/watch?v=1AXaf8WNzTM,2025-09-09T12:16:13.217448
VERIVERY,Crazy Like That,Crazy Like That (Crazy Like That),VERIVERY,192,https://www.youtube.com/watch?v=jKFX1-5Mg64,2025-09-09T12:16:24.865668
NCT DREAM,Candy,NCT DREAM Candy Lyrics (ì—”ì‹œí‹° ë“œë¦¼ Candy ê°€ì‚¬) (Color Coded Lyrics),Jaeguchi,220,https://www.youtube.com/watch?v=KJ5OV8P1iQw,2025-09-09T12:16:36.684258
ZEROBASEONE,Doctor! Doctor!,ğ‘¶ğ’‡ğ’‡ğ’Šğ’„ğ’Šğ’‚ğ’ ğ‘¨ğ’–ğ’…ğ’Šğ’ Track 03. | ZEROBASEONE (ì œë¡œë² ì´ìŠ¤ì›) 'Doctor! Doctor!',ZEROBASEONE,152,https://www.youtube.com/watch?v=8II-UTBe6Cc,2025-09-09T12:16:48.529456
tripleS,Rising,tripleS - Rising [Audio],BLISIT_OFFICIAL,160,https://www.youtube.com/watch?v=zyiF-4IK240,2025-09-09T12:17:00.256585
TRI.BE,WE ARE YOUNG,TRI.BE - WE ARE YOUNG [Audio],NEWWICE OFFICIAL YouTube Channel,178,https://www.youtube.com/watch?v=woxlQfZLexc,2025-09-09T12:17:12.047513
Yuju,Without U,Without U,ìœ ì£¼ YUJU,217,https://www.youtube.com/watch?v=aOsn-7X6A1k,2025-09-09T12:17:23.717773
Postmen,Goodbye Sinchon,Postmen (í¬ìŠ¤íŠ¸ë§¨) - Goodbye Shinchon (ì•ˆë…• ì‹ ì´Œ) [Rom|Eng Lyric],ElyDha Subs,249,https://www.youtube.com/watch?v=2FIRM_d7czg,2025-09-09T12:17:37.058556
xikers,Tricky House,xikers - ë„ê¹¨ë¹„ì§‘ (TRICKY HOUSE) [Audio],BLISIT_OFFICIAL,185,https://www.youtube.com/watch?v=zmTcC3ajZkA,2025-09-09T12:17:49.101073
CSR,Shining Bright,CSR (ì²«ì‚¬ë‘) 'ë¹›ì„ ë”°ë¼ì„œ (Shining Bright)' Official Audio,JXS_BP Official,209,https://www.youtube.com/watch?v=up2bMFfFvug,2025-09-09T12:18:01.132342
Lee Chae-yeon,KNOCK,LEE CHAE YEON - KNOCK [Audio],BLISIT_OFFICIAL,173,https://www.youtube.com/watch?v=joT0ZyB2GbQ,2025-09-09T12:18:12.838897
TEMPEST,Dangerous,Dangerous,TEMPEST,203,https://www.youtube.com/watch?v=ay7-dYjLhWk,2025-09-09T12:18:23.968162
EPEX,Sunshower,EPEX (ì´í™ìŠ¤) 'Sunshower (ì—¬ìš°ê°€ ì‹œì§‘ê°€ëŠ” ë‚ )' Official Audio,JXS_BP Official,194,https://www.youtube.com/watch?v=VfSayX1awXY,2025-09-09T12:18:35.903446
DRIPPIN,SEVEN SINS,DRIPPIN - SEVEN SINS [Audio],BLISIT_OFFICIAL,215,https://www.youtube.com/watch?v=ye9XQnp8Ca0,2025-09-09T12:18:48.017686
Blitzers,Macarena,BLITZERS(ë¸”ë¦¬ì²˜ìŠ¤) - ë§ˆì¹´ë ˆë‚˜(Macarena) Official MV,BLITZERS OFFICIAL,266,https://www.youtube.com/watch?v=_jONRhd7kO4,2025-09-09T12:19:00.117445
"Lee Jegyu, Lazybone",Miruni,QWER _ ë‚´ ì´ë¦„ ë§‘ìŒ(My name is Malguem)ã…£ì•¼ì™¸ë…¹ìŒì‹¤ã…£Beyond the Studio,1theK Live - ì›ë”ì¼€ì´ ë¼ì´ë¸Œ,225,https://www.youtube.com/watch?v=V7CASrPvvZs,2025-09-09T13:09:09.272050
n.Ssign,Wormhole_ New Track,n.SSign (ì—”ì‹¸ì¸) 'ì›œí™€ (Wormhole: New Track)' Official Audio,JXS_BP Official,226,https://www.youtube.com/watch?v=dE66Xosroac,2025-09-09T13:11:01.198879
ME:I,MUSE,ME:I (ãƒŸãƒ¼ã‚¢ã‚¤) âŠ¹ 'MUSE' Official MV,ME:I,176,https://www.youtube.com/watch?v=zPmSwXMQtRk,2025-09-09T13:16:48.584414
NouerA,n (number of cases),NouerA n (number of cases) MV,NouerA,186,https://www.youtube.com/watch?v=uVFoKBZh3tU,2025-09-09T14:02:24.056772
