Artist,Song
Parc Jae-jung,Let's Say Goodbye
SOMI,Fast Forward
RIIZE,Get A Guitar
AKMU,Fry's Dream
JENNIE,You & Me
EXO,?
Lim Jae-hyun,Rhapsody Of Sadness
(G)I-DLE,Wife
IVE,HEYA
QWER,T.B.H
DAY6,Time of Our Life
DAY6,Welcome to the Show
HWASA,NA
G-Dragon,POWER
ENHYPEN,No Doubt
BABYMONSTER,DRIP
ROSÉ,number one girl
ROSÉ,toxic till the end
Hwang Karam,I'm Firefly
ZOZAZZ,Don't you know
Taeyoung,SHALALA
TREASURE,BONA BONA
Cravity,Ready Or Not
ZEROBASEONE,CRUSH
JD1,who Am I
BTS,Dynamite
TEN,Nightwalker
Twice,ONE SPARK
WENDY,Wish You Hell
Red Velvet,Cosmic
ENHYPEN,Brought The Heat Back
TAEMIN,Sexy In The Air
Tzuyu,Run Away
YENA,NEMONEMO
ITZY,GOLD
ILLIT,Cherish (My Love)
TWS,Last Festival
Cravity,Now or Never
GOT7,PYTHON
Infinite,Dangerous
THE BOYZ,VVV
TREASURE,Hello
Jung Kook,Never Let Go
BABYMONSTER,FOREVER
JAEHYUN,Roses
JENNIE,ExtraL (feat. Doechii)
HOSHI X WOOZI,96ers
SF9,BIBORA
Secret Number,DOXA
CIX,"Save me, Kill me"
P1Harmony,JUMP
Kassy,Crush On You
WEi,OVERDRIVE
Tophyun,Only You
TREASURE,MOVE (T5)
BOL4,Someday (ft HaHyunSang)
ZiA,Because You Don't Love Me
NMIXX,Party O'Clock
xikers,DO or DIE
n.Ssign,Wormhole: New Track
HWASA,I Love My Body
KEY,Good & Great
EVNNE,TROUBLE
D.O,Somebody
BIGNaughty,Vancouver 2
EPEX,FULL METAL JACKET
"Sung Si-Kyung, Naul",Even For A Moment
Golden Child,Feel Me
Dreamcatcher,OOTD
HUI,Hmm BOP
YENA,Good Morning
CIX,Lovers Or Enemies
GroovyRoom,"Yes or No (ft. Huh Yunjin, Crush)"
Jukjae,Midnight Call
n.Ssign,Happy &
Moon Byul,TOUCHIN&MOVIN
IU,Holssi
Taeyoung,TAP
xikers,We Don't Stop
THE NEW SIX,FUEGO
n.Ssign,FUNK JAM
DAVICHI,I'll be by your side
UNIS,SUPERWOMAN
KISS OF LIFE,Midas Touch
EPEX,Youth2Youth
Woody,When You Alone
YUQI,FREAK
Xdinary Heroes,Little Things
FANTASY BOYS,Pitter-Patter-Love
NEXZ,Ride the Vice
ONEUS,Now
TREASURE,KING KONG
DXMON,"Girls, Love boys, Love girls"
NewJeans,Bubble Gum
EVERGLOW,ZOMBIE
JxW,Last Night
EVNNE,Badder Love
H1-Key,Let It Burn
Dreamcatcher,JUSTICE
nSSign,Tiger (New Flavour)
TONY,Jigglin'
UNIS,Curious
BamBam,LAST PARADE
Oh My Girl,Classified
YOUNHA,Sunfish
MEOVV,MEOW
FIFTY FIFTY,SOS
Xdinary Heroes,Night before the end
Billlie,remembrance candy
EPEX,UNIVERSE
Hwang Kagam,I'm Firefly
IRENE,Like A Flower
izna,IZNA
CIX,THUNDER
RESCENE,Glow Up
KickFlip,Mama Said
ALL(H)OURS,GIMME GIMME
NouerA,N.I.N (New is Now)
8TURN,LEGGO
THE NEW SIX,For Real!?
xikers,BREATHE
ONEW,beat drum
AB6IX,NVKED
Taeyeon,Letter To Myself
JAESSBEE,Every Moment With You
DKZ,Cupid
EPEX,Anthem of Teen Spirit
ATBO,Next To Me
KARD,ICKY
THE NEW SIX,Kick It 4 Now
KUN8,Wild Heart
Kim Jae-hwan,Lucky! (ft. Bobby)
LAPILLUS,Who's Next
8TURN,EXCEL
Odd Eye Circle,Air Force One
KISS OF LIFE,Shhh
MIRAE,JUMP!
HORI7ON,SIX7EEN
BBGIRLS,ONE MORE TIME
Lee Chan Won,Twist Go Go
xikers,HOMEBOY
VANNER,PERFORMER
TIOT,Unbeatable
Lee Chae-yeon,LET'S DANCE
Kim Sejeong,Top or Cliff
A.C.E,My Girl
TRI.BE,Diamond
Kim Hee-Jae,What Should I do?
YOUNG POSSE,XXL
NOWADAYS,OoWee
YOUNITE,GEEKIN
82MAJOR,Choke
Kim Jae-hwan,Amaid
ZEROBASEONE,SWEAT
XG,WOKE UP
JD1,ERROR 405
TWS,hey!hey!
Kwon Eun-bi,SABOTAGE
CHUU,Strawberry Rush
Lee Chae-yeon,Don't
LUN8,WHIP
YOUNG POSSE,ATE THAT
DRIPPIN,Weekend
Lee Jegyu,Mironi
xikers,Bittersweet
SAY MY NAME,WaveWay
STAYC,GPT
VIVIZ,Shhh!
NOWADAYS,Let's get it
ARrC,nu kidz
GENBLUE,ACT LIKE THAT
SAY MY NAME,ShaLala
The Wind,Only One
TEMPEST,Unfreeze
